date,median_forecast,std_forecast
2014-01-02,6.01,0.3
2014-01-03,6.03,0.29
2014-01-06,5.92,0.26
2014-01-07,6.01,0.19
2014-01-08,6.01,0.27
2014-01-09,6.01,0.27
2014-01-10,6.01,0.3
2014-01-13,6.0,0.3
2014-01-14,6.0,0.32
2014-01-15,6.0,0.29
2014-01-16,6.01,0.28
2014-01-17,6.02,0.29
2014-01-20,6.02,0.29
2014-01-21,6.02,0.29
2014-01-22,6.01,0.28
2014-01-23,6.02,0.28
2014-01-24,6.0,0.28
2014-01-27,6.0,0.28
2014-01-28,6.01,0.29
2014-01-29,6.05,0.31
2014-01-30,6.0,0.33
2014-01-31,6.08,0.26
2014-02-03,6.12,0.28
2014-02-04,6.12,0.28
2014-02-05,6.11,0.26
2014-02-06,6.16,0.31
2014-02-07,6.03,0.37
2014-02-10,6.04,0.39
2014-02-11,6.07,0.37
2014-02-12,6.04,0.34
2014-02-13,6.03,0.35
2014-02-14,6.15,0.31
2014-02-17,6.12,0.32
2014-02-18,6.14,0.33
2014-02-19,6.18,0.35
2014-02-20,6.18,0.34
2014-02-21,6.17,0.35
2014-02-24,6.16,0.35
2014-02-25,6.16,0.35
2014-02-26,6.12,0.37
2014-02-27,6.13,0.4
2014-02-28,6.07,0.42
2014-03-05,6.07,0.43
2014-03-06,6.08,0.45
2014-03-07,6.09,0.45
2014-03-10,6.1,0.47
2014-03-11,6.39,0.49
2014-03-12,6.37,0.51
2014-03-13,6.31,0.5
2014-03-14,6.3,0.47
2014-03-17,6.25,0.45
2014-03-18,6.28,0.44
2014-03-19,6.26,0.43
2014-03-20,6.26,0.41
2014-03-21,6.28,0.4
2014-03-24,6.23,0.4
2014-03-25,6.21,0.4
2014-03-26,6.18,0.4
2014-03-27,6.08,0.48
2014-03-28,6.05,0.51
2014-03-31,6.01,0.52
2014-04-01,6.02,0.52
2014-04-02,6.19,0.53
2014-04-03,6.13,0.48
2014-04-04,6.15,0.51
2014-04-07,6.07,0.47
2014-04-08,6.04,0.42
2014-04-09,6.14,0.4
2014-04-10,6.14,0.43
2014-04-11,6.14,0.44
2014-04-14,6.15,0.43
2014-04-15,6.07,0.39
2014-04-16,6.1,0.42
2014-04-17,6.11,0.41
2014-04-22,6.02,0.42
2014-04-23,6.01,0.43
2014-04-24,6.03,0.43
2014-04-25,5.96,0.52
2014-04-28,5.78,0.58
2014-04-29,6.31,0.65
2014-04-30,6.06,0.52
2014-05-02,5.99,0.53
2014-05-05,5.98,0.47
2014-05-06,5.99,0.41
2014-05-07,5.89,0.36
2014-05-08,5.87,0.48
2014-05-09,5.87,0.53
2014-05-12,5.83,0.53
2014-05-13,5.86,0.58
2014-05-14,5.82,0.55
2014-05-15,5.84,0.56
2014-05-16,5.83,0.53
2014-05-19,5.92,0.49
2014-05-20,6.04,0.45
2014-05-21,6.04,0.42
2014-05-22,6.04,0.42
2014-05-23,6.04,0.44
2014-05-26,6.04,0.44
2014-05-27,6.01,0.47
2014-05-28,6.0,0.46
2014-05-29,5.93,0.41
2014-05-30,5.97,0.4
2014-06-02,5.95,0.45
2014-06-03,5.95,0.47
2014-06-04,5.96,0.47
2014-06-05,6.02,0.46
2014-06-06,5.99,0.52
2014-06-09,6.04,0.58
2014-06-10,5.88,0.58
2014-06-11,5.87,0.57
2014-06-12,5.79,0.51
2014-06-13,5.81,0.49
2014-06-16,5.79,0.47
2014-06-17,5.93,0.46
2014-06-18,5.93,0.47
2014-06-20,5.93,0.46
2014-06-23,5.93,0.46
2014-06-24,5.95,0.46
2014-06-25,5.86,0.48
2014-06-26,5.85,0.4
2014-06-27,5.95,0.49
2014-06-30,6.0,0.45
2014-07-01,5.89,0.44
2014-07-02,5.88,0.47
2014-07-03,5.89,0.47
2014-07-04,5.87,0.42
2014-07-07,6.02,0.41
2014-07-08,6.01,0.42
2014-07-09,6.01,0.46
2014-07-10,5.94,0.45
2014-07-11,5.94,0.44
2014-07-14,6.01,0.43
2014-07-15,6.01,0.49
2014-07-16,5.88,0.39
2014-07-17,5.94,0.43
2014-07-18,5.98,0.46
2014-07-21,5.98,0.42
2014-07-22,5.96,0.38
2014-07-23,5.95,0.41
2014-07-24,5.93,0.42
2014-07-25,5.93,0.41
2014-07-28,5.96,0.42
2014-07-29,5.94,0.39
2014-07-30,5.97,0.33
2014-07-31,6.1,0.32
2014-08-01,6.11,0.34
2014-08-04,6.15,0.34
2014-08-05,6.15,0.33
2014-08-06,6.15,0.32
2014-08-07,6.19,0.42
2014-08-08,6.19,0.38
2014-08-11,6.22,0.45
2014-08-12,6.22,0.46
2014-08-13,6.22,0.46
2014-08-14,6.22,0.43
2014-08-15,6.21,0.5
2014-08-18,6.02,0.47
2014-08-19,6.11,0.4
2014-08-20,6.08,0.4
2014-08-21,6.09,0.4
2014-08-22,6.14,0.4
2014-08-25,6.13,0.4
2014-08-26,6.06,0.52
2014-08-27,6.06,0.51
2014-08-28,6.1,0.5
2014-08-29,6.24,0.48
2014-09-01,6.28,0.47
2014-09-02,6.31,0.4
2014-09-03,6.32,0.4
2014-09-04,6.32,0.4
2014-09-05,6.28,0.52
2014-09-08,6.25,0.47
2014-09-09,6.29,0.48
2014-09-10,6.29,0.47
2014-09-11,6.29,0.48
2014-09-12,6.31,0.43
2014-09-15,6.35,0.37
2014-09-16,6.31,0.39
2014-09-17,6.31,0.37
2014-09-18,6.38,0.37
2014-09-19,6.36,0.38
2014-09-22,6.33,0.38
2014-09-23,6.33,0.39
2014-09-24,6.33,0.4
2014-09-25,6.36,0.56
2014-09-26,6.33,0.48
2014-09-29,6.36,0.46
2014-09-30,6.32,0.41
2014-10-01,6.35,0.38
2014-10-02,6.38,0.43
2014-10-03,6.38,0.44
2014-10-06,6.39,0.43
2014-10-07,6.47,0.44
2014-10-08,6.46,0.39
2014-10-09,6.39,0.39
2014-10-10,6.41,0.42
2014-10-13,6.41,0.41
2014-10-14,6.4,0.42
2014-10-15,6.39,0.48
2014-10-16,6.38,0.42
2014-10-17,6.36,0.39
2014-10-20,6.37,0.37
2014-10-21,6.38,0.36
2014-10-22,6.39,0.37
2014-10-23,6.39,0.37
2014-10-24,6.39,0.37
2014-10-27,6.51,0.47
2014-10-28,6.49,0.51
2014-10-29,6.55,0.53
2014-10-30,6.59,0.55
2014-10-31,6.57,0.52
2014-11-03,6.57,0.44
2014-11-04,6.57,0.42
2014-11-05,6.54,0.41
2014-11-06,6.54,0.42
2014-11-07,6.56,0.41
2014-11-10,6.57,0.44
2014-11-11,6.46,0.52
2014-11-12,6.44,0.52
2014-11-13,6.43,0.51
2014-11-14,6.46,0.5
2014-11-17,6.49,0.52
2014-11-18,6.6,0.37
2014-11-19,6.58,0.38
2014-11-20,6.6,0.38
2014-11-21,6.6,0.37
2014-11-24,6.61,0.38
2014-11-25,6.52,0.4
2014-11-26,6.73,0.29
2014-11-27,6.6,0.36
2014-11-28,6.55,0.35
2014-12-01,6.64,0.33
2014-12-02,6.66,0.33
2014-12-03,6.63,0.35
2014-12-04,6.63,0.38
2014-12-05,6.75,0.41
2014-12-08,6.76,0.43
2014-12-09,6.76,0.43
2014-12-10,6.76,0.45
2014-12-11,6.66,0.42
2014-12-12,6.61,0.33
2014-12-15,6.57,0.32
2014-12-16,6.6,0.32
2014-12-17,6.62,0.38
2014-12-18,6.61,0.33
2014-12-19,6.61,0.33
2014-12-22,6.61,0.32
2014-12-23,6.61,0.34
2014-12-24,6.6,0.34
2014-12-26,6.55,0.32
2014-12-29,6.57,0.31
2014-12-30,6.57,0.34
2014-12-31,6.57,0.34
2015-01-02,6.57,0.36
2015-01-05,6.66,0.29
2015-01-06,6.71,0.32
2015-01-07,6.69,0.42
2015-01-08,6.71,0.41
2015-01-09,6.7,0.39
2015-01-12,6.67,0.4
2015-01-13,6.57,0.35
2015-01-14,6.51,0.31
2015-01-15,6.58,0.32
2015-01-16,6.72,0.38
2015-01-19,6.74,0.37
2015-01-20,6.81,0.37
2015-01-21,6.81,0.3
2015-01-22,6.79,0.34
2015-01-23,6.78,0.34
2015-01-26,6.72,0.34
2015-01-27,6.7,0.34
2015-01-28,6.68,0.34
2015-01-29,6.65,0.32
2015-01-30,6.7,0.34
2015-02-02,6.54,0.33
2015-02-03,6.58,0.3
2015-02-04,6.59,0.31
2015-02-05,6.59,0.32
2015-02-06,6.71,0.42
2015-02-09,6.68,0.42
2015-02-10,6.77,0.44
2015-02-11,6.78,0.47
2015-02-12,6.82,0.48
2015-02-13,6.83,0.35
2015-02-18,6.73,0.35
2015-02-19,6.72,0.31
2015-02-20,6.71,0.29
2015-02-23,6.67,0.3
2015-02-24,6.64,0.33
2015-02-25,6.63,0.33
2015-02-26,6.64,0.34
2015-02-27,6.63,0.34
2015-03-02,6.63,0.45
2015-03-03,6.62,0.45
2015-03-04,6.58,0.47
2015-03-05,6.66,0.5
2015-03-06,6.74,0.49
2015-03-09,6.7,0.43
2015-03-10,6.67,0.41
2015-03-11,6.68,0.41
2015-03-12,6.67,0.35
2015-03-13,6.68,0.39
2015-03-16,6.67,0.41
2015-03-17,6.62,0.42
2015-03-18,6.58,0.42
2015-03-19,6.56,0.5
2015-03-20,6.52,0.51
2015-03-23,6.42,0.52
2015-03-24,6.4,0.51
2015-03-25,6.37,0.5
2015-03-26,6.38,0.49
2015-03-27,6.36,0.47
2015-03-30,6.26,0.48
2015-03-31,6.2,0.55
2015-04-01,6.17,0.5
2015-04-02,6.28,0.48
2015-04-06,6.17,0.52
2015-04-07,6.17,0.53
2015-04-08,6.08,0.48
2015-04-09,6.07,0.49
2015-04-10,6.08,0.54
2015-04-13,6.07,0.47
2015-04-14,6.05,0.49
2015-04-15,6.11,0.45
2015-04-16,6.09,0.41
2015-04-17,6.08,0.38
2015-04-20,6.04,0.39
2015-04-22,6.03,0.39
2015-04-23,6.02,0.37
2015-04-24,6.05,0.4
2015-04-27,6.03,0.39
2015-04-28,6.01,0.39
2015-04-29,6.0,0.39
2015-04-30,6.0,0.44
2015-05-04,5.97,0.46
2015-05-05,6.06,0.53
2015-05-06,6.04,0.54
2015-05-07,5.96,0.54
2015-05-08,6.08,0.59
2015-05-11,6.14,0.58
2015-05-12,6.06,0.56
2015-05-13,6.12,0.56
2015-05-14,6.08,0.51
2015-05-15,5.97,0.31
2015-05-18,5.96,0.36
2015-05-19,5.99,0.4
2015-05-20,6.0,0.4
2015-05-21,6.06,0.4
2015-05-22,6.04,0.45
2015-05-25,6.02,0.44
2015-05-26,6.03,0.42
2015-05-27,6.04,0.42
2015-05-28,6.06,0.49
2015-05-29,5.84,0.41
2015-06-01,5.83,0.48
2015-06-02,5.81,0.52
2015-06-03,6.01,0.53
2015-06-05,6.11,0.52
2015-06-08,6.18,0.53
2015-06-09,6.21,0.49
2015-06-10,6.18,0.45
2015-06-11,6.19,0.43
2015-06-12,6.17,0.44
2015-06-15,6.14,0.43
2015-06-16,6.14,0.46
2015-06-17,6.11,0.44
2015-06-18,6.14,0.47
2015-06-19,6.14,0.44
2015-06-22,6.09,0.44
2015-06-23,6.06,0.44
2015-06-24,6.04,0.44
2015-06-25,6.08,0.43
2015-06-26,6.0,0.47
2015-06-29,5.94,0.47
2015-06-30,6.08,0.46
2015-07-01,6.07,0.48
2015-07-02,6.07,0.47
2015-07-03,6.06,0.48
2015-07-06,5.95,0.47
2015-07-07,5.88,0.48
2015-07-08,5.87,0.53
2015-07-09,5.9,0.5
2015-07-10,5.89,0.45
2015-07-13,5.83,0.45
2015-07-14,5.86,0.52
2015-07-15,5.86,0.51
2015-07-16,5.85,0.5
2015-07-17,5.83,0.49
2015-07-20,5.85,0.48
2015-07-21,5.82,0.44
2015-07-22,5.82,0.44
2015-07-23,5.8,0.46
2015-07-24,5.76,0.47
2015-07-27,5.73,0.47
2015-07-28,5.73,0.5
2015-07-29,5.67,0.53
2015-07-30,5.67,0.51
2015-07-31,5.67,0.51
2015-08-03,5.62,0.51
2015-08-04,5.6,0.45
2015-08-05,5.59,0.45
2015-08-06,5.59,0.43
2015-08-07,5.59,0.44
2015-08-10,5.63,0.44
2015-08-11,5.71,0.46
2015-08-12,5.66,0.47
2015-08-13,5.64,0.46
2015-08-14,5.74,0.44
2015-08-17,5.73,0.44
2015-08-18,5.73,0.43
2015-08-19,5.73,0.42
2015-08-20,5.65,0.39
2015-08-21,5.63,0.39
2015-08-24,5.62,0.38
2015-08-25,5.63,0.38
2015-08-26,5.64,0.39
2015-08-27,5.67,0.42
2015-08-28,5.68,0.41
2015-08-31,5.59,0.41
2015-09-01,5.53,0.45
2015-09-02,5.5,0.41
2015-09-03,5.52,0.44
2015-09-04,5.62,0.46
2015-09-08,5.75,0.48
2015-09-09,5.72,0.44
2015-09-10,5.77,0.48
2015-09-11,5.77,0.46
2015-09-14,5.74,0.47
2015-09-15,5.71,0.48
2015-09-16,5.76,0.49
2015-09-17,5.81,0.45
2015-09-18,5.95,0.44
2015-09-21,6.09,0.45
2015-09-22,6.08,0.45
2015-09-23,6.08,0.46
2015-09-24,6.07,0.45
2015-09-25,6.06,0.46
2015-09-28,6.11,0.58
2015-09-29,5.96,0.56
2015-09-30,6.13,0.57
2015-10-01,6.18,0.63
2015-10-02,6.59,0.57
2015-10-05,6.54,0.61
2015-10-06,6.54,0.62
2015-10-07,6.55,0.67
2015-10-08,6.54,0.63
2015-10-09,6.61,0.65
2015-10-13,6.53,0.62
2015-10-14,6.54,0.64
2015-10-15,6.54,0.61
2015-10-16,6.52,0.64
2015-10-19,6.31,0.59
2015-10-20,6.56,0.64
2015-10-21,6.54,0.64
2015-10-22,6.55,0.63
2015-10-23,6.55,0.63
2015-10-26,6.59,0.62
2015-10-27,6.58,0.73
2015-10-28,6.59,0.68
2015-10-29,6.63,0.71
2015-10-30,6.87,0.73
2015-11-03,6.82,0.72
2015-11-04,6.83,0.61
2015-11-05,6.89,0.68
2015-11-06,6.82,0.62
2015-11-09,6.89,0.59
2015-11-10,6.92,0.59
2015-11-11,6.92,0.57
2015-11-12,6.94,0.6
2015-11-13,7.08,0.66
2015-11-16,7.17,0.61
2015-11-17,7.12,0.59
2015-11-18,7.23,0.56
2015-11-19,7.21,0.57
2015-11-20,7.21,0.57
2015-11-23,7.22,0.6
2015-11-24,7.25,0.61
2015-11-25,7.27,0.59
2015-11-26,7.3,0.66
2015-11-27,7.23,0.63
2015-11-30,7.19,0.61
2015-12-01,7.19,0.62
2015-12-02,7.17,0.62
2015-12-03,7.16,0.61
2015-12-04,7.17,0.61
2015-12-07,7.25,0.48
2015-12-08,7.22,0.52
2015-12-09,7.14,0.57
2015-12-10,7.1,0.57
2015-12-11,7.08,0.57
2015-12-14,6.98,0.6
2015-12-15,6.96,0.61
2015-12-16,6.96,0.56
2015-12-17,7.05,0.55
2015-12-18,7.09,0.53
2015-12-21,7.07,0.53
2015-12-22,7.06,0.54
2015-12-23,7.07,0.55
2015-12-24,7.21,0.53
2015-12-28,7.15,0.55
2015-12-29,7.05,0.54
2015-12-30,6.98,0.47
2015-12-31,6.94,0.46
2016-01-04,7.02,0.44
2016-01-05,7.01,0.44
2016-01-06,6.96,0.43
2016-01-07,6.97,0.46
2016-01-08,6.92,0.55
2016-01-11,6.85,0.52
2016-01-12,6.88,0.53
2016-01-13,6.85,0.52
2016-01-14,6.85,0.54
2016-01-15,6.88,0.55
2016-01-18,6.92,0.54
2016-01-19,6.93,0.57
2016-01-20,6.94,0.56
2016-01-21,6.94,0.58
2016-01-22,6.95,0.6
2016-01-25,6.89,0.6
2016-01-26,6.95,0.58
2016-01-27,6.95,0.58
2016-01-28,7.0,0.63
2016-01-29,7.14,0.56
2016-02-01,7.01,0.57
2016-02-02,6.92,0.57
2016-02-03,7.04,0.6
2016-02-04,7.11,0.64
2016-02-05,7.14,0.65
2016-02-10,6.83,0.66
2016-02-11,7.06,0.62
2016-02-12,6.89,0.65
2016-02-15,6.93,0.66
2016-02-16,6.98,0.68
2016-02-17,7.04,0.68
2016-02-18,6.9,0.7
2016-02-19,6.83,0.64
2016-02-22,6.74,0.6
2016-02-23,6.75,0.62
2016-02-24,6.86,0.62
2016-02-25,6.84,0.63
2016-02-26,6.84,0.63
2016-02-29,6.83,0.73
2016-03-01,6.85,0.74
2016-03-02,6.84,0.76
2016-03-03,6.83,0.77
2016-03-04,6.86,0.79
2016-03-07,6.91,0.55
2016-03-08,6.93,0.59
2016-03-09,6.74,0.62
2016-03-10,6.81,0.58
2016-03-11,6.81,0.58
2016-03-14,6.75,0.63
2016-03-15,6.58,0.61
2016-03-16,6.81,0.64
2016-03-17,6.43,0.66
2016-03-18,6.41,0.6
2016-03-21,6.41,0.55
2016-03-22,6.44,0.53
2016-03-23,6.43,0.48
2016-03-24,6.43,0.55
2016-03-28,6.44,0.57
2016-03-29,6.43,0.58
2016-03-30,6.46,0.71
2016-03-31,6.43,0.78
2016-04-01,6.45,0.6
2016-04-04,6.47,0.72
2016-04-05,6.56,0.69
2016-04-06,6.67,0.7
2016-04-07,6.52,0.71
2016-04-08,6.51,0.62
2016-04-11,6.39,0.49
2016-04-12,6.4,0.48
2016-04-13,6.47,0.52
2016-04-14,6.44,0.51
2016-04-15,6.4,0.62
2016-04-18,6.36,0.62
2016-04-19,6.17,0.53
2016-04-20,6.08,0.47
2016-04-22,6.07,0.47
2016-04-25,6.1,0.48
2016-04-26,6.14,0.5
2016-04-27,6.24,0.49
2016-04-28,6.04,0.51
2016-04-29,6.1,0.67
2016-05-02,6.09,0.65
2016-05-03,6.08,0.64
2016-05-04,6.04,0.65
2016-05-05,6.04,0.64
2016-05-06,5.96,0.4
2016-05-09,6.0,0.39
2016-05-10,6.0,0.38
2016-05-11,6.0,0.4
2016-05-12,5.98,0.4
2016-05-13,5.95,0.43
2016-05-16,6.09,0.49
2016-05-17,6.08,0.48
2016-05-18,6.06,0.48
2016-05-19,6.02,0.48
2016-05-20,6.01,0.46
2016-05-23,5.98,0.43
2016-05-24,5.97,0.46
2016-05-25,5.95,0.45
2016-05-27,5.94,0.49
2016-05-30,6.03,0.59
2016-05-31,6.07,0.52
2016-06-01,6.03,0.46
2016-06-02,5.97,0.48
2016-06-03,6.08,0.47
2016-06-06,5.89,0.45
2016-06-07,5.89,0.45
2016-06-08,5.8,0.61
2016-06-09,5.81,0.61
2016-06-10,5.91,0.6
2016-06-13,5.95,0.64
2016-06-14,6.0,0.65
2016-06-15,6.01,0.62
2016-06-16,6.05,0.59
2016-06-17,6.06,0.63
2016-06-20,5.92,0.51
2016-06-21,5.98,0.5
2016-06-22,5.98,0.51
2016-06-23,5.93,0.46
2016-06-24,5.89,0.47
2016-06-27,5.86,0.56
2016-06-28,5.82,0.6
2016-06-29,5.86,0.65
2016-06-30,5.86,0.54
2016-07-01,5.88,0.57
2016-07-04,5.86,0.55
2016-07-05,5.85,0.55
2016-07-06,5.79,0.52
2016-07-07,5.78,0.54
2016-07-08,5.7,0.52
2016-07-11,5.7,0.54
2016-07-12,5.67,0.55
2016-07-13,5.69,0.53
2016-07-14,5.69,0.53
2016-07-15,5.68,0.53
2016-07-18,5.73,0.46
2016-07-19,5.73,0.49
2016-07-20,5.62,0.5
2016-07-21,5.59,0.51
2016-07-22,5.58,0.51
2016-07-25,5.55,0.51
2016-07-26,5.51,0.51
2016-07-27,5.5,0.6
2016-07-28,5.49,0.64
2016-07-29,5.48,0.56
2016-08-01,5.56,0.54
2016-08-02,5.57,0.53
2016-08-03,5.52,0.56
2016-08-04,5.53,0.52
2016-08-05,5.52,0.4
2016-08-08,5.5,0.42
2016-08-09,5.48,0.55
2016-08-10,5.49,0.53
2016-08-11,5.49,0.56
2016-08-12,5.48,0.58
2016-08-15,5.36,0.62
2016-08-16,5.37,0.66
2016-08-17,5.38,0.67
2016-08-18,5.29,0.63
2016-08-19,5.32,0.59
2016-08-22,5.34,0.44
2016-08-23,5.34,0.44
2016-08-24,5.33,0.45
2016-08-25,5.32,0.47
2016-08-26,5.32,0.47
2016-08-29,5.28,0.53
2016-08-30,5.27,0.61
2016-08-31,5.28,0.59
2016-09-01,5.43,0.5
2016-09-02,5.32,0.51
2016-09-05,5.3,0.5
2016-09-06,5.3,0.54
2016-09-08,5.28,0.54
2016-09-09,5.19,0.44
2016-09-12,5.25,0.47
2016-09-13,5.19,0.48
2016-09-14,5.17,0.45
2016-09-15,5.19,0.41
2016-09-16,5.14,0.4
2016-09-19,5.13,0.42
2016-09-20,5.09,0.43
2016-09-21,5.09,0.43
2016-09-22,5.1,0.4
2016-09-23,5.11,0.4
2016-09-26,5.12,0.4
2016-09-27,5.12,0.38
2016-09-28,5.2,0.43
2016-09-29,5.12,0.41
2016-09-30,5.18,0.43
2016-10-03,5.06,0.48
2016-10-04,5.11,0.44
2016-10-05,5.16,0.44
2016-10-06,5.16,0.42
2016-10-07,5.05,0.39
2016-10-10,5.06,0.37
2016-10-11,5.08,0.37
2016-10-13,5.09,0.38
2016-10-14,4.97,0.33
2016-10-17,4.97,0.35
2016-10-18,4.96,0.32
2016-10-19,4.92,0.33
2016-10-20,4.9,0.31
2016-10-21,4.9,0.34
2016-10-24,4.91,0.36
2016-10-25,4.91,0.34
2016-10-26,4.92,0.36
2016-10-27,4.92,0.39
2016-10-28,4.93,0.35
2016-10-31,5.02,0.34
2016-11-01,4.97,0.39
2016-11-03,5.0,0.34
2016-11-04,4.98,0.34
2016-11-07,5.0,0.35
2016-11-08,4.97,0.34
2016-11-09,4.94,0.29
2016-11-10,4.92,0.31
2016-11-11,4.9,0.32
2016-11-14,4.89,0.32
2016-11-16,4.89,0.31
2016-11-17,4.9,0.31
2016-11-18,4.89,0.31
2016-11-21,4.9,0.26
2016-11-22,4.86,0.28
2016-11-23,4.88,0.29
2016-11-24,4.87,0.29
2016-11-25,4.86,0.3
2016-11-28,4.86,0.3
2016-11-29,4.72,0.24
2016-11-30,4.8,0.28
2016-12-01,4.82,0.28
2016-12-02,4.82,0.27
2016-12-05,4.84,0.27
2016-12-06,4.88,0.29
2016-12-07,4.86,0.25
2016-12-08,4.87,0.31
2016-12-09,4.79,0.34
2016-12-12,4.77,0.32
2016-12-13,4.77,0.35
2016-12-14,4.78,0.36
2016-12-15,4.82,0.34
2016-12-16,4.85,0.35
2016-12-19,4.76,0.31
2016-12-20,4.76,0.27
2016-12-21,4.74,0.26
2016-12-22,4.72,0.27
2016-12-23,4.72,0.26
2016-12-26,4.71,0.27
2016-12-27,4.65,0.26
2016-12-28,4.7,0.27
2016-12-29,4.67,0.26
2016-12-30,4.74,0.26
2017-01-02,4.79,0.27
2017-01-03,4.78,0.29
2017-01-04,4.76,0.27
2017-01-05,4.8,0.26
2017-01-06,4.77,0.28
2017-01-09,4.79,0.29
2017-01-10,4.8,0.28
2017-01-11,4.72,0.35
2017-01-12,4.71,0.33
2017-01-13,4.77,0.38
2017-01-16,4.78,0.39
2017-01-17,4.77,0.38
2017-01-18,4.72,0.31
2017-01-19,4.73,0.29
2017-01-20,4.7,0.26
2017-01-23,4.73,0.25
2017-01-24,4.75,0.25
2017-01-25,4.67,0.21
2017-01-26,4.57,0.15
2017-01-27,4.7,0.18
2017-01-30,4.68,0.31
2017-01-31,4.71,0.31
2017-02-01,4.74,0.31
2017-02-02,4.67,0.32
2017-02-03,4.67,0.31
2017-02-06,4.69,0.29
2017-02-07,4.7,0.3
2017-02-08,4.6,0.28
2017-02-09,4.59,0.29
2017-02-10,4.59,0.31
2017-02-13,4.57,0.31
2017-02-14,4.51,0.35
2017-02-15,4.56,0.34
2017-02-16,4.57,0.33
2017-02-17,4.56,0.36
2017-02-20,4.57,0.34
2017-02-21,4.54,0.3
2017-02-22,4.55,0.31
2017-02-23,4.53,0.32
2017-02-24,4.53,0.31
2017-03-01,4.54,0.31
2017-03-02,4.55,0.35
2017-03-03,4.56,0.34
2017-03-06,4.55,0.34
2017-03-07,4.55,0.34
2017-03-08,4.57,0.32
2017-03-09,4.61,0.22
2017-03-10,4.53,0.3
2017-03-13,4.54,0.35
2017-03-14,4.53,0.35
2017-03-15,4.5,0.35
2017-03-16,4.49,0.36
2017-03-17,4.52,0.36
2017-03-20,4.5,0.3
2017-03-21,4.53,0.31
2017-03-22,4.55,0.33
2017-03-23,4.54,0.33
2017-03-24,4.54,0.32
2017-03-27,4.61,0.33
2017-03-28,4.62,0.31
2017-03-29,4.51,0.22
2017-03-30,4.52,0.26
2017-03-31,4.55,0.3
2017-04-03,4.59,0.28
2017-04-04,4.61,0.3
2017-04-05,4.64,0.33
2017-04-06,4.63,0.33
2017-04-07,4.58,0.34
2017-04-10,4.58,0.35
2017-04-11,4.59,0.36
2017-04-12,4.61,0.35
2017-04-13,4.6,0.36
2017-04-17,4.61,0.38
2017-04-18,4.58,0.35
2017-04-19,4.57,0.38
2017-04-20,4.57,0.36
2017-04-24,4.58,0.37
2017-04-25,4.59,0.38
2017-04-26,4.58,0.39
2017-04-27,4.57,0.49
2017-04-28,4.55,0.45
2017-05-02,4.69,0.43
2017-05-03,4.7,0.44
2017-05-04,4.71,0.44
2017-05-05,4.74,0.45
2017-05-08,4.75,0.42
2017-05-09,4.67,0.45
2017-05-10,4.55,0.32
2017-05-11,4.57,0.37
2017-05-12,4.52,0.35
2017-05-15,4.6,0.35
2017-05-16,4.6,0.36
2017-05-17,4.64,0.36
2017-05-18,4.63,0.3
2017-05-19,4.61,0.3
2017-05-22,4.65,0.3
2017-05-23,4.65,0.29
2017-05-24,4.65,0.31
2017-05-25,4.65,0.3
2017-05-26,4.63,0.32
2017-05-29,4.52,0.34
2017-05-30,4.51,0.34
2017-05-31,4.49,0.34
2017-06-01,4.49,0.34
2017-06-02,4.47,0.37
2017-06-05,4.47,0.37
2017-06-06,4.36,0.32
2017-06-07,4.32,0.33
2017-06-08,4.43,0.33
2017-06-09,4.45,0.33
2017-06-12,4.46,0.36
2017-06-13,4.46,0.42
2017-06-14,4.39,0.44
2017-06-16,4.33,0.42
2017-06-19,4.34,0.42
2017-06-20,4.35,0.38
2017-06-21,4.32,0.34
2017-06-22,4.32,0.38
2017-06-23,4.33,0.38
2017-06-26,4.37,0.39
2017-06-27,4.38,0.39
2017-06-28,4.39,0.39
2017-06-29,4.32,0.36
2017-06-30,4.31,0.33
2017-07-03,4.35,0.32
2017-07-04,4.38,0.33
2017-07-05,4.38,0.33
2017-07-06,4.39,0.37
2017-07-07,4.41,0.46
2017-07-10,4.37,0.47
2017-07-11,4.35,0.44
2017-07-12,4.3,0.46
2017-07-13,4.3,0.43
2017-07-14,4.27,0.38
2017-07-17,4.27,0.38
2017-07-18,4.27,0.38
2017-07-19,4.31,0.34
2017-07-20,4.31,0.34
2017-07-21,4.39,0.38
2017-07-24,4.41,0.37
2017-07-25,4.44,0.37
2017-07-26,4.56,0.44
2017-07-27,4.67,0.45
2017-07-28,4.68,0.44
2017-07-31,4.69,0.45
2017-08-01,4.7,0.46
2017-08-02,4.67,0.37
2017-08-03,4.67,0.37
2017-08-04,4.57,0.44
2017-08-07,4.65,0.49
2017-08-08,4.56,0.5
2017-08-09,4.63,0.46
2017-08-10,4.57,0.44
2017-08-11,4.59,0.42
2017-08-14,4.56,0.37
2017-08-15,4.48,0.38
2017-08-16,4.47,0.33
2017-08-17,4.39,0.33
2017-08-18,4.35,0.34
2017-08-21,4.31,0.33
2017-08-22,4.33,0.37
2017-08-23,4.32,0.38
2017-08-24,4.3,0.39
2017-08-25,4.27,0.4
2017-08-28,4.25,0.4
2017-08-29,4.2,0.41
2017-08-30,4.13,0.43
2017-08-31,4.14,0.42
2017-09-01,4.18,0.38
2017-09-04,4.14,0.39
2017-09-05,4.18,0.4
2017-09-06,4.12,0.38
2017-09-08,4.05,0.44
2017-09-11,4.08,0.42
2017-09-12,4.08,0.43
2017-09-13,4.0,0.39
2017-09-14,3.91,0.4
2017-09-15,4.02,0.34
2017-09-18,3.94,0.33
2017-09-19,3.9,0.34
2017-09-20,3.91,0.34
2017-09-21,3.91,0.34
2017-09-22,3.91,0.35
2017-09-25,3.94,0.35
2017-09-26,3.93,0.34
2017-09-27,3.87,0.35
2017-09-28,3.79,0.35
2017-09-29,3.91,0.32
2017-10-02,4.0,0.31
2017-10-03,3.97,0.39
2017-10-04,3.96,0.41
2017-10-05,3.96,0.39
2017-10-06,4.0,0.39
2017-10-09,3.98,0.39
2017-10-10,3.99,0.3
2017-10-11,4.0,0.29
2017-10-13,3.98,0.3
2017-10-16,3.99,0.32
2017-10-17,3.99,0.33
2017-10-18,4.04,0.34
2017-10-19,4.01,0.33
2017-10-20,4.03,0.33
2017-10-23,4.0,0.33
2017-10-24,4.0,0.33
2017-10-25,4.0,0.33
2017-10-26,4.0,0.38
2017-10-27,3.99,0.38
2017-10-30,4.03,0.35
2017-10-31,4.07,0.35
2017-11-01,4.05,0.3
2017-11-03,4.1,0.31
2017-11-06,4.17,0.27
2017-11-07,4.11,0.28
2017-11-08,4.09,0.28
2017-11-09,4.07,0.26
2017-11-10,4.05,0.25
2017-11-13,4.09,0.26
2017-11-14,4.09,0.25
2017-11-16,4.05,0.27
2017-11-17,4.12,0.28
2017-11-20,4.08,0.3
2017-11-21,4.02,0.32
2017-11-22,3.99,0.31
2017-11-23,3.99,0.31
2017-11-24,3.98,0.31
2017-11-27,3.98,0.31
2017-11-28,3.97,0.32
2017-11-29,3.9,0.31
2017-11-30,3.89,0.3
2017-12-01,3.9,0.3
2017-12-04,3.91,0.31
2017-12-05,3.91,0.31
2017-12-06,3.93,0.29
2017-12-07,3.95,0.3
2017-12-08,3.87,0.29
2017-12-11,3.87,0.28
2017-12-12,3.87,0.25
2017-12-13,3.88,0.26
2017-12-14,3.91,0.26
2017-12-15,3.92,0.27
2017-12-18,3.97,0.28
2017-12-19,3.89,0.25
2017-12-20,3.82,0.25
2017-12-21,3.81,0.25
2017-12-22,3.84,0.25
2017-12-26,3.84,0.25
2017-12-27,3.84,0.26
2017-12-28,3.84,0.27
2017-12-29,3.81,0.23
2018-01-02,3.84,0.21
2018-01-03,3.92,0.18
2018-01-04,3.92,0.19
2018-01-05,3.94,0.2
2018-01-08,3.96,0.21
2018-01-09,3.97,0.22
2018-01-10,3.99,0.21
2018-01-11,3.98,0.26
2018-01-12,3.99,0.25
2018-01-15,3.97,0.26
2018-01-16,3.98,0.26
2018-01-17,3.95,0.25
2018-01-18,3.96,0.22
2018-01-19,3.98,0.28
2018-01-22,4.0,0.25
2018-01-23,4.0,0.25
2018-01-24,4.01,0.25
2018-01-25,4.01,0.24
2018-01-26,4.03,0.24
2018-01-29,4.04,0.22
2018-01-30,4.05,0.24
2018-01-31,4.05,0.23
2018-02-01,4.05,0.24
2018-02-02,4.05,0.25
2018-02-05,4.04,0.23
2018-02-06,4.07,0.25
2018-02-07,4.07,0.26
2018-02-08,3.97,0.31
2018-02-09,4.02,0.31
2018-02-14,4.02,0.33
2018-02-15,3.97,0.31
2018-02-16,3.95,0.3
2018-02-19,3.96,0.27
2018-02-20,3.99,0.27
2018-02-21,3.97,0.27
2018-02-22,3.98,0.29
2018-02-23,3.98,0.29
2018-02-26,4.01,0.28
2018-02-27,3.98,0.27
2018-02-28,3.99,0.27
2018-03-01,4.02,0.3
2018-03-02,3.99,0.33
2018-03-05,3.93,0.32
2018-03-06,3.92,0.32
2018-03-07,3.94,0.28
2018-03-08,3.94,0.22
2018-03-09,3.96,0.3
2018-03-12,3.98,0.31
2018-03-13,3.93,0.28
2018-03-14,3.93,0.28
2018-03-15,3.94,0.3
2018-03-16,3.96,0.33
2018-03-19,3.96,0.33
2018-03-20,3.97,0.34
2018-03-21,3.97,0.36
2018-03-22,3.92,0.33
2018-03-23,3.92,0.32
2018-03-26,3.95,0.31
2018-03-27,3.96,0.32
2018-03-28,3.96,0.32
2018-03-29,3.9,0.33
2018-04-02,3.91,0.32
2018-04-03,3.92,0.31
2018-04-04,3.98,0.31
2018-04-05,4.03,0.28
2018-04-06,3.95,0.27
2018-04-09,4.03,0.31
2018-04-10,4.01,0.32
2018-04-11,4.01,0.37
2018-04-12,4.03,0.36
2018-04-13,4.06,0.35
2018-04-16,4.09,0.35
2018-04-17,4.1,0.37
2018-04-18,4.08,0.3
2018-04-19,4.1,0.32
2018-04-20,4.11,0.33
2018-04-23,4.08,0.35
2018-04-24,4.1,0.36
2018-04-25,4.11,0.37
2018-04-26,4.12,0.38
2018-04-27,4.15,0.38
2018-04-30,4.2,0.34
2018-05-02,4.15,0.38
2018-05-03,4.09,0.36
2018-05-04,4.15,0.36
2018-05-07,4.15,0.34
2018-05-08,4.22,0.34
2018-05-09,4.24,0.35
2018-05-10,4.24,0.35
2018-05-11,4.25,0.33
2018-05-14,4.26,0.34
2018-05-15,4.24,0.39
2018-05-16,4.24,0.35
2018-05-17,4.26,0.33
2018-05-18,4.31,0.4
2018-05-21,4.3,0.36
2018-05-22,4.36,0.3
2018-05-23,4.35,0.3
2018-05-24,4.34,0.3
2018-05-25,4.35,0.27
2018-05-28,4.39,0.32
2018-05-29,4.47,0.32
2018-05-30,4.51,0.32
2018-06-01,4.54,0.38
2018-06-04,4.52,0.39
2018-06-05,4.5,0.35
2018-06-06,4.48,0.38
2018-06-07,4.52,0.38
2018-06-08,4.54,0.37
2018-06-11,4.47,0.32
2018-06-12,4.45,0.36
2018-06-13,4.44,0.34
2018-06-14,4.4,0.33
2018-06-15,4.37,0.31
2018-06-18,4.34,0.31
2018-06-19,4.3,0.39
2018-06-20,4.27,0.4
2018-06-21,4.24,0.4
2018-06-22,4.21,0.4
2018-06-25,4.11,0.41
2018-06-26,4.08,0.41
2018-06-27,4.08,0.34
2018-06-28,4.06,0.33
2018-06-29,4.02,0.34
2018-07-02,3.9,0.36
2018-07-03,3.85,0.37
2018-07-04,3.83,0.38
2018-07-05,3.79,0.39
2018-07-06,3.83,0.42
2018-07-09,3.82,0.42
2018-07-10,3.85,0.37
2018-07-11,3.85,0.38
2018-07-12,3.84,0.36
2018-07-13,3.75,0.36
2018-07-16,3.73,0.36
2018-07-17,3.73,0.35
2018-07-18,3.72,0.33
2018-07-19,3.68,0.33
2018-07-20,3.68,0.31
2018-07-23,3.67,0.32
2018-07-24,3.64,0.33
2018-07-25,3.67,0.34
2018-07-26,3.72,0.32
2018-07-27,3.74,0.28
2018-07-30,3.73,0.24
2018-07-31,3.69,0.24
2018-08-01,3.63,0.24
2018-08-02,3.6,0.23
2018-08-03,3.62,0.27
2018-08-06,3.57,0.26
2018-08-07,3.54,0.29
2018-08-08,3.56,0.31
2018-08-09,3.63,0.34
2018-08-10,3.64,0.33
2018-08-13,3.68,0.32
2018-08-14,3.68,0.34
2018-08-15,3.69,0.31
2018-08-16,3.65,0.28
2018-08-17,3.69,0.31
2018-08-20,3.67,0.31
2018-08-21,3.67,0.3
2018-08-22,3.73,0.28
2018-08-23,3.72,0.28
2018-08-24,3.7,0.28
2018-08-27,3.78,0.28
2018-08-28,3.78,0.28
2018-08-29,3.68,0.27
2018-08-30,3.66,0.32
2018-08-31,3.72,0.34
2018-09-03,3.74,0.35
2018-09-04,3.91,0.34
2018-09-05,3.78,0.34
2018-09-06,3.97,0.33
2018-09-10,3.85,0.3
2018-09-11,3.88,0.3
2018-09-12,3.91,0.29
2018-09-13,3.93,0.28
2018-09-14,3.96,0.33
2018-09-17,4.04,0.34
2018-09-18,4.03,0.35
2018-09-19,4.04,0.35
2018-09-20,4.06,0.35
2018-09-21,4.05,0.35
2018-09-24,4.05,0.35
2018-09-25,4.02,0.35
2018-09-26,4.08,0.34
2018-09-27,3.99,0.34
2018-09-28,4.0,0.34
2018-10-01,3.98,0.33
2018-10-02,3.96,0.34
2018-10-03,3.97,0.32
2018-10-04,3.96,0.32
2018-10-05,3.99,0.31
2018-10-08,3.97,0.33
2018-10-09,3.97,0.33
2018-10-10,3.95,0.34
2018-10-11,4.02,0.33
2018-10-15,4.03,0.32
2018-10-16,4.06,0.27
2018-10-17,4.05,0.27
2018-10-18,4.04,0.31
2018-10-19,4.01,0.35
2018-10-22,3.98,0.29
2018-10-23,3.95,0.28
2018-10-24,3.95,0.28
2018-10-25,3.95,0.29
2018-10-26,3.92,0.29
2018-10-29,3.89,0.31
2018-10-30,3.89,0.32
2018-10-31,3.89,0.34
2018-11-01,3.74,0.33
2018-11-05,3.69,0.3
2018-11-06,3.67,0.33
2018-11-07,3.69,0.37
2018-11-08,3.64,0.35
2018-11-09,3.71,0.32
2018-11-12,3.74,0.28
2018-11-13,3.74,0.26
2018-11-14,3.69,0.25
2018-11-16,3.66,0.25
2018-11-19,3.68,0.24
2018-11-20,3.68,0.25
2018-11-21,3.7,0.22
2018-11-22,3.68,0.26
2018-11-23,3.65,0.26
2018-11-26,3.68,0.26
2018-11-27,3.7,0.28
2018-11-28,3.69,0.28
2018-11-29,3.68,0.3
2018-11-30,3.6,0.32
2018-12-03,3.64,0.31
2018-12-04,3.68,0.26
2018-12-05,3.61,0.25
2018-12-06,3.65,0.25
2018-12-07,3.62,0.25
2018-12-10,3.68,0.24
2018-12-11,3.71,0.24
2018-12-12,3.75,0.22
2018-12-13,3.76,0.23
2018-12-14,3.79,0.22
2018-12-17,3.78,0.26
2018-12-18,3.8,0.26
2018-12-19,3.8,0.25
2018-12-20,3.81,0.21
2018-12-21,3.82,0.21
2018-12-24,3.86,0.19
2018-12-26,3.86,0.26
2018-12-27,3.85,0.27
2018-12-28,3.87,0.31
2018-12-31,3.85,0.33
2019-01-02,3.94,0.32
2019-01-03,3.95,0.16
2019-01-04,3.93,0.17
2019-01-07,3.97,0.17
2019-01-08,3.96,0.18
2019-01-09,3.98,0.18
2019-01-10,3.99,0.18
2019-01-11,4.06,0.19
2019-01-14,4.05,0.22
2019-01-15,4.04,0.22
2019-01-16,4.05,0.21
2019-01-17,4.02,0.25
2019-01-18,3.99,0.21
2019-01-21,3.99,0.21
2019-01-22,4.0,0.21
2019-01-23,4.0,0.2
2019-01-24,3.99,0.21
2019-01-25,3.98,0.17
2019-01-28,4.01,0.23
2019-01-29,3.99,0.23
2019-01-30,4.02,0.27
2019-01-31,4.04,0.26
2019-02-01,3.98,0.27
2019-02-04,3.98,0.25
2019-02-05,3.99,0.27
2019-02-06,3.97,0.26
2019-02-07,3.95,0.26
2019-02-08,3.88,0.28
2019-02-11,3.89,0.29
2019-02-12,3.89,0.3
2019-02-13,3.9,0.3
2019-02-14,3.96,0.29
2019-02-15,4.02,0.26
2019-02-18,4.03,0.24
2019-02-19,4.03,0.22
2019-02-20,4.03,0.23
2019-02-21,4.0,0.24
2019-02-22,3.99,0.23
2019-02-25,3.98,0.21
2019-02-26,3.98,0.21
2019-02-27,4.01,0.17
2019-02-28,4.0,0.16
2019-03-01,4.01,0.15
2019-03-06,4.04,0.2
2019-03-07,4.01,0.21
2019-03-08,4.01,0.2
2019-03-11,4.02,0.2
2019-03-12,4.06,0.22
2019-03-13,4.04,0.21
2019-03-14,4.04,0.21
2019-03-15,3.99,0.23
2019-03-18,3.97,0.23
2019-03-19,3.96,0.22
2019-03-20,3.95,0.22
2019-03-21,3.95,0.23
2019-03-22,3.94,0.22
2019-03-25,3.94,0.24
2019-03-26,3.91,0.25
2019-03-27,3.86,0.26
2019-03-28,3.85,0.26
2019-03-29,3.84,0.27
2019-04-01,3.78,0.27
2019-04-02,3.81,0.28
2019-04-03,3.8,0.28
2019-04-04,3.78,0.27
2019-04-05,3.77,0.26
2019-04-08,3.77,0.26
2019-04-09,3.74,0.28
2019-04-10,3.76,0.3
2019-04-11,3.73,0.31
2019-04-12,3.72,0.3
2019-04-15,3.71,0.31
2019-04-16,3.7,0.3
2019-04-17,3.71,0.28
2019-04-18,3.65,0.29
2019-04-22,3.62,0.29
2019-04-23,3.61,0.28
2019-04-24,3.6,0.29
2019-04-25,3.59,0.29
2019-04-26,3.59,0.24
2019-04-29,3.57,0.23
2019-04-30,3.61,0.27
2019-05-02,3.61,0.26
2019-05-03,3.58,0.25
2019-05-06,3.56,0.25
2019-05-07,3.56,0.26
2019-05-08,3.55,0.26
2019-05-09,3.54,0.27
2019-05-10,3.68,0.27
2019-05-13,3.69,0.29
2019-05-14,3.68,0.3
2019-05-15,3.63,0.31
2019-05-16,3.65,0.31
2019-05-17,3.6,0.33
2019-05-20,3.59,0.31
2019-05-21,3.57,0.29
2019-05-22,3.56,0.28
2019-05-23,3.57,0.29
2019-05-24,3.57,0.26
2019-05-27,3.56,0.26
2019-05-28,3.58,0.29
2019-05-29,3.58,0.29
2019-05-30,3.57,0.29
2019-05-31,3.54,0.33
2019-06-03,3.57,0.32
2019-06-04,3.59,0.29
2019-06-05,3.57,0.27
2019-06-06,3.58,0.29
2019-06-07,3.6,0.3
2019-06-10,3.59,0.31
2019-06-11,3.59,0.31
2019-06-12,3.6,0.31
2019-06-13,3.61,0.31
2019-06-14,3.57,0.3
2019-06-17,3.58,0.3
2019-06-18,3.55,0.29
2019-06-19,3.55,0.29
2019-06-21,3.56,0.29
2019-06-24,3.57,0.24
2019-06-25,3.67,0.25
2019-06-26,3.68,0.25
2019-06-27,3.69,0.26
2019-06-28,3.7,0.29
2019-07-01,3.66,0.33
2019-07-02,3.66,0.31
2019-07-03,3.65,0.3
2019-07-04,3.68,0.3
2019-07-05,3.65,0.33
2019-07-08,3.68,0.32
2019-07-09,3.69,0.32
2019-07-10,3.7,0.32
2019-07-11,3.63,0.31
2019-07-12,3.63,0.32
2019-07-15,3.6,0.33
2019-07-16,3.62,0.35
2019-07-17,3.62,0.35
2019-07-18,3.64,0.34
2019-07-19,3.67,0.32
2019-07-22,3.72,0.29
2019-07-23,3.7,0.29
2019-07-24,3.7,0.28
2019-07-25,3.7,0.29
2019-07-26,3.7,0.27
2019-07-29,3.69,0.27
2019-07-30,3.67,0.26
2019-07-31,3.67,0.26
2019-08-01,3.66,0.25
2019-08-02,3.59,0.27
2019-08-05,3.65,0.28
2019-08-06,3.66,0.25
2019-08-07,3.69,0.3
2019-08-08,3.69,0.3
2019-08-09,3.67,0.33
2019-08-12,3.56,0.34
2019-08-13,3.52,0.34
2019-08-14,3.52,0.33
2019-08-15,3.52,0.32
2019-08-16,3.56,0.28
2019-08-19,3.58,0.32
2019-08-20,3.59,0.34
2019-08-21,3.61,0.34
2019-08-22,3.57,0.32
2019-08-23,3.51,0.32
2019-08-26,3.5,0.32
2019-08-27,3.48,0.31
2019-08-28,3.48,0.31
2019-08-29,3.51,0.28
2019-08-30,3.55,0.28
2019-09-02,3.54,0.25
2019-09-03,3.53,0.25
2019-09-04,3.53,0.26
2019-09-05,3.52,0.25
2019-09-06,3.5,0.3
2019-09-09,3.42,0.34
2019-09-10,3.44,0.34
2019-09-11,3.41,0.34
2019-09-12,3.41,0.33
2019-09-13,3.38,0.3
2019-09-16,3.4,0.3
2019-09-17,3.4,0.31
2019-09-18,3.41,0.3
2019-09-19,3.43,0.28
2019-09-20,3.49,0.29
2019-09-23,3.48,0.29
2019-09-24,3.47,0.29
2019-09-25,3.48,0.29
2019-09-26,3.49,0.29
2019-09-27,3.52,0.28
2019-09-30,3.52,0.29
2019-10-01,3.54,0.29
2019-10-02,3.55,0.29
2019-10-03,3.5,0.3
2019-10-04,3.45,0.32
2019-10-07,3.52,0.29
2019-10-08,3.56,0.29
2019-10-09,3.42,0.3
2019-10-10,3.4,0.33
2019-10-11,3.34,0.32
2019-10-14,3.37,0.31
2019-10-15,3.38,0.3
2019-10-16,3.38,0.31
2019-10-17,3.39,0.31
2019-10-18,3.49,0.34
2019-10-21,3.51,0.33
2019-10-22,3.52,0.33
2019-10-23,3.52,0.33
2019-10-24,3.54,0.33
2019-10-25,3.55,0.28
2019-10-28,3.58,0.27
2019-10-29,3.59,0.28
2019-10-30,3.6,0.28
2019-10-31,3.59,0.25
2019-11-01,3.5,0.28
2019-11-04,3.57,0.28
2019-11-05,3.58,0.28
2019-11-06,3.62,0.28
2019-11-07,3.61,0.28
2019-11-08,3.62,0.32
2019-11-11,3.61,0.29
2019-11-12,3.61,0.29
2019-11-13,3.6,0.28
2019-11-14,3.6,0.27
2019-11-18,3.59,0.26
2019-11-19,3.62,0.29
2019-11-20,3.59,0.29
2019-11-21,3.62,0.29
2019-11-22,3.68,0.28
2019-11-25,3.69,0.28
2019-11-26,3.69,0.25
2019-11-27,3.68,0.24
2019-11-28,3.69,0.25
2019-11-29,3.74,0.24
2019-12-02,3.74,0.29
2019-12-03,3.76,0.27
2019-12-04,3.85,0.27
2019-12-05,3.88,0.26
2019-12-06,3.92,0.23
2019-12-09,3.91,0.23
2019-12-10,3.9,0.23
2019-12-11,3.9,0.23
2019-12-12,3.91,0.22
2019-12-13,3.94,0.25
2019-12-16,3.89,0.3
2019-12-17,3.87,0.31
2019-12-18,3.89,0.31
2019-12-19,3.88,0.29
2019-12-20,3.93,0.26
2019-12-23,3.87,0.26
2019-12-24,3.85,0.26
2019-12-26,3.81,0.26
2019-12-27,3.81,0.26
2019-12-30,3.77,0.28
2019-12-31,3.74,0.31
2020-01-02,3.69,0.31
2020-01-03,3.7,0.29
2020-01-06,3.59,0.23
2020-01-07,3.55,0.22
2020-01-08,3.58,0.25
2020-01-09,3.5,0.25
2020-01-10,3.57,0.25
2020-01-13,3.56,0.23
2020-01-14,3.57,0.24
2020-01-15,3.54,0.24
2020-01-16,3.5,0.24
2020-01-17,3.52,0.2
2020-01-20,3.5,0.24
2020-01-21,3.49,0.23
2020-01-22,3.47,0.29
2020-01-23,3.44,0.28
2020-01-24,3.53,0.27
2020-01-27,3.54,0.27
2020-01-28,3.54,0.28
2020-01-29,3.54,0.28
2020-01-30,3.54,0.28
2020-01-31,3.39,0.28
2020-02-03,3.39,0.28
2020-02-04,3.38,0.27
2020-02-05,3.39,0.27
2020-02-06,3.36,0.26
2020-02-07,3.38,0.37
2020-02-10,3.51,0.35
2020-02-11,3.56,0.38
2020-02-12,3.55,0.41
2020-02-13,3.59,0.36
2020-02-14,3.51,0.36
2020-02-17,3.5,0.35
2020-02-18,3.51,0.33
2020-02-19,3.52,0.32
2020-02-20,3.52,0.32
2020-02-21,3.58,0.25
2020-02-26,3.62,0.25
2020-02-27,3.62,0.29
2020-02-28,3.57,0.37
2020-03-02,3.65,0.37
2020-03-03,3.63,0.39
2020-03-04,3.63,0.34
2020-03-05,3.62,0.36
2020-03-06,3.69,0.4
2020-03-09,3.68,0.45
2020-03-10,3.7,0.44
2020-03-11,3.67,0.46
2020-03-12,3.64,0.45
2020-03-13,3.47,0.43
2020-03-16,3.47,0.43
2020-03-17,3.47,0.43
2020-03-18,3.44,0.44
2020-03-19,3.41,0.44
2020-03-20,3.26,0.56
2020-03-23,3.21,0.52
2020-03-24,3.24,0.59
2020-03-25,3.15,0.58
2020-03-26,3.08,0.63
2020-03-27,3.08,0.59
2020-03-30,3.1,0.58
2020-03-31,3.09,0.54
2020-04-01,3.11,0.55
2020-04-02,3.08,0.58
2020-04-03,2.91,0.55
2020-04-06,2.85,0.58
2020-04-07,2.93,0.56
2020-04-08,2.9,0.64
2020-04-09,2.87,0.72
2020-04-13,3.19,0.75
2020-04-14,2.94,0.73
2020-04-15,2.85,0.74
2020-04-16,2.84,0.66
2020-04-17,2.78,0.48
2020-04-20,2.77,0.46
2020-04-22,2.72,0.5
2020-04-23,2.77,0.6
2020-04-24,2.79,0.61
2020-04-27,2.84,0.57
2020-04-28,2.84,0.57
2020-04-29,2.86,0.59
2020-04-30,2.8,0.56
2020-05-04,2.84,0.57
2020-05-05,2.86,0.56
2020-05-06,2.82,0.58
2020-05-07,2.83,0.57
2020-05-08,2.73,0.62
2020-05-11,2.81,0.55
2020-05-12,2.81,0.56
2020-05-13,2.83,0.58
2020-05-14,2.94,0.58
2020-05-15,2.88,0.56
2020-05-18,2.93,0.57
2020-05-19,2.95,0.57
2020-05-20,3.02,0.56
2020-05-21,3.02,0.58
2020-05-22,3.0,0.6
2020-05-25,3.13,0.61
2020-05-26,3.08,0.59
2020-05-27,3.09,0.59
2020-05-28,3.11,0.57
2020-05-29,3.18,0.59
2020-06-01,3.12,0.61
2020-06-02,3.06,0.58
2020-06-03,3.03,0.6
2020-06-04,3.05,0.59
2020-06-05,3.02,0.58
2020-06-08,3.09,0.6
2020-06-09,3.11,0.59
2020-06-10,3.12,0.57
2020-06-12,3.13,0.52
2020-06-15,3.1,0.53
2020-06-16,3.11,0.52
2020-06-17,3.09,0.54
2020-06-18,3.11,0.54
2020-06-19,3.21,0.59
2020-06-22,3.26,0.58
2020-06-23,3.23,0.61
2020-06-24,3.26,0.62
2020-06-25,3.29,0.59
2020-06-26,3.27,0.52
2020-06-29,3.25,0.51
2020-06-30,3.3,0.49
2020-07-01,3.27,0.48
2020-07-02,3.29,0.52
2020-07-03,3.29,0.53
2020-07-06,3.3,0.49
2020-07-07,3.22,0.51
2020-07-08,3.24,0.56
2020-07-09,3.23,0.59
2020-07-10,3.27,0.57
2020-07-13,3.18,0.56
2020-07-14,3.22,0.53
2020-07-15,3.26,0.5
2020-07-16,3.26,0.54
2020-07-17,3.18,0.43
2020-07-20,3.14,0.49
2020-07-21,3.13,0.54
2020-07-22,3.06,0.55
2020-07-23,3.04,0.46
2020-07-24,3.0,0.5
2020-07-27,2.99,0.49
2020-07-28,2.98,0.49
2020-07-29,3.01,0.49
2020-07-30,2.99,0.49
2020-07-31,2.92,0.39
2020-08-03,2.88,0.44
2020-08-04,2.86,0.4
2020-08-05,2.85,0.41
2020-08-06,2.86,0.4
2020-08-07,2.9,0.53
2020-08-10,2.9,0.52
2020-08-11,2.89,0.49
2020-08-12,2.89,0.48
2020-08-13,2.9,0.48
2020-08-14,3.01,0.44
2020-08-17,3.02,0.41
2020-08-18,3.03,0.43
2020-08-19,3.02,0.44
2020-08-20,3.04,0.43
2020-08-21,3.07,0.41
2020-08-24,3.04,0.39
2020-08-25,3.06,0.37
2020-08-26,3.06,0.36
2020-08-27,3.07,0.34
2020-08-28,3.04,0.35
2020-08-31,3.04,0.43
2020-09-01,3.04,0.44
2020-09-02,3.04,0.45
2020-09-03,3.02,0.47
2020-09-04,3.0,0.5
2020-09-08,3.08,0.32
2020-09-09,3.05,0.32
2020-09-10,3.07,0.31
2020-09-11,3.15,0.33
2020-09-14,3.12,0.33
2020-09-15,3.1,0.34
2020-09-16,3.09,0.33
2020-09-17,3.11,0.34
2020-09-18,3.17,0.45
2020-09-21,3.19,0.46
2020-09-22,3.21,0.45
2020-09-23,3.26,0.47
2020-09-24,3.27,0.46
2020-09-25,3.3,0.41
2020-09-28,3.26,0.4
2020-09-29,3.26,0.41
2020-09-30,3.23,0.38
2020-10-01,3.24,0.37
2020-10-02,3.34,0.32
2020-10-05,3.33,0.29
2020-10-06,3.3,0.34
2020-10-07,3.29,0.34
2020-10-08,3.29,0.34
2020-10-09,3.43,0.42
2020-10-13,3.47,0.41
2020-10-14,3.48,0.38
2020-10-15,3.48,0.37
2020-10-16,3.49,0.4
2020-10-19,3.5,0.4
2020-10-20,3.48,0.4
2020-10-21,3.52,0.41
2020-10-22,3.49,0.4
2020-10-23,3.66,0.38
2020-10-26,3.61,0.39
2020-10-27,3.59,0.38
2020-10-28,3.58,0.39
2020-10-29,3.58,0.39
2020-10-30,3.63,0.45
2020-11-03,3.55,0.51
2020-11-04,3.58,0.51
2020-11-05,3.53,0.5
2020-11-06,3.67,0.48
2020-11-09,3.68,0.4
2020-11-10,3.68,0.39
2020-11-11,3.66,0.39
2020-11-12,3.69,0.4
2020-11-13,3.84,0.32
2020-11-16,3.81,0.31
2020-11-17,3.8,0.31
2020-11-18,3.79,0.37
2020-11-19,3.79,0.34
2020-11-20,3.88,0.33
2020-11-23,3.86,0.32
2020-11-24,3.89,0.32
2020-11-25,3.91,0.3
2020-11-26,3.9,0.27
2020-11-27,3.96,0.31
2020-11-30,3.93,0.31
2020-12-01,4.03,0.35
2020-12-02,4.13,0.37
2020-12-03,4.11,0.35
2020-12-04,4.14,0.29
2020-12-07,4.08,0.31
2020-12-08,4.05,0.31
2020-12-09,4.03,0.29
2020-12-10,4.01,0.29
2020-12-11,4.0,0.36
2020-12-14,3.93,0.33
2020-12-15,3.93,0.29
2020-12-16,3.96,0.27
2020-12-17,3.88,0.26
2020-12-18,3.87,0.3
2020-12-21,3.81,0.28
2020-12-22,3.77,0.28
2020-12-23,3.73,0.31
2020-12-24,3.74,0.32
2020-12-28,3.59,0.34
2020-12-29,3.57,0.32
2020-12-30,3.58,0.31
2020-12-31,3.56,0.33
2021-01-04,3.45,0.32
2021-01-05,3.4,0.29
2021-01-06,3.38,0.31
2021-01-07,3.35,0.32
2021-01-08,3.41,0.3
2021-01-11,3.4,0.29
2021-01-12,3.4,0.27
2021-01-13,3.43,0.28
2021-01-14,3.48,0.26
2021-01-15,3.47,0.27
2021-01-18,3.46,0.28
2021-01-19,3.46,0.28
2021-01-20,3.46,0.28
2021-01-21,3.46,0.28
2021-01-22,3.59,0.32
2021-01-25,3.66,0.32
2021-01-26,3.69,0.32
2021-01-27,3.67,0.32
2021-01-28,3.67,0.25
2021-01-29,3.62,0.21
2021-02-01,3.63,0.22
2021-02-02,3.65,0.22
2021-02-03,3.68,0.23
2021-02-04,3.68,0.22
2021-02-05,3.72,0.25
2021-02-08,3.74,0.29
2021-02-09,3.74,0.35
2021-02-10,3.74,0.34
2021-02-11,3.79,0.35
2021-02-12,3.83,0.39
2021-02-17,3.79,0.37
2021-02-18,3.82,0.34
2021-02-19,3.89,0.34
2021-02-22,3.88,0.34
2021-02-23,3.87,0.31
2021-02-24,3.86,0.32
2021-02-25,3.88,0.33
2021-02-26,3.94,0.34
2021-03-01,3.89,0.31
2021-03-02,3.9,0.3
2021-03-03,3.89,0.32
2021-03-04,3.86,0.33
2021-03-05,4.0,0.36
2021-03-08,4.23,0.37
2021-03-09,4.27,0.37
2021-03-10,4.24,0.4
2021-03-11,4.3,0.43
2021-03-12,4.31,0.42
2021-03-15,4.25,0.42
2021-03-16,4.22,0.41
2021-03-17,4.2,0.41
2021-03-18,4.18,0.42
2021-03-19,4.21,0.42
2021-03-22,4.18,0.43
2021-03-23,4.18,0.44
2021-03-24,4.16,0.44
2021-03-25,4.12,0.43
2021-03-26,4.09,0.35
2021-03-29,4.06,0.41
2021-03-30,4.07,0.44
2021-03-31,3.9697,0.4271
2021-04-01,3.9724,0.4503
2021-04-05,3.9333,0.4909
2021-04-06,3.8975,0.4221
2021-04-07,3.8667,0.3362
2021-04-08,3.6693,0.358
2021-04-09,3.9254,0.4509
2021-04-12,3.9891,0.41
2021-04-13,3.9446,0.4274
2021-04-14,3.9803,0.4314
2021-04-15,4.0233,0.4011
2021-04-16,4.0347,0.401
2021-04-19,4.0864,0.502
2021-04-20,4.0839,0.4808
2021-04-22,4.0672,0.455
2021-04-23,4.0472,0.4156
2021-04-26,4.0264,0.4042
2021-04-27,4.0237,0.4082
2021-04-28,4.0262,0.4089
2021-04-29,4.0421,0.4131
2021-04-30,4.1092,0.412
2021-05-03,4.1189,0.4136
2021-05-04,4.1213,0.4172
2021-05-05,4.171,0.4024
2021-05-06,4.2111,0.4023
2021-05-07,4.2194,0.3416
2021-05-10,4.2082,0.3257
2021-05-11,4.2056,0.3661
2021-05-12,4.2149,0.4347
2021-05-13,4.2078,0.4332
2021-05-14,4.2271,0.4385
2021-05-17,4.2643,0.4396
2021-05-18,4.2328,0.4435
2021-05-19,4.0858,0.3644
2021-05-20,4.2492,0.3773
2021-05-21,4.2129,0.4218
2021-05-24,4.2191,0.3969
2021-05-25,4.2031,0.4009
2021-05-26,4.2004,0.3823
2021-05-27,4.1786,0.3778
2021-05-28,4.212,0.3454
2021-05-31,4.2173,0.3788
2021-06-01,4.2447,0.3656
2021-06-02,4.2302,0.3749
2021-06-04,4.2795,0.3732
2021-06-07,4.2428,0.3863
2021-06-08,4.2293,0.4043
2021-06-09,4.2617,0.3881
2021-06-10,4.3255,0.465
2021-06-11,4.3487,0.4726
2021-06-14,4.3559,0.4745
2021-06-15,4.3545,0.4769
2021-06-16,4.353,0.4764
2021-06-17,4.3444,0.4767
2021-06-18,4.2608,0.4853
2021-06-21,4.1872,0.4708
2021-06-22,4.1484,0.4562
2021-06-23,4.177,0.4462
2021-06-24,4.1079,0.4498
2021-06-25,4.2243,0.3912
2021-06-28,4.2121,0.39
2021-06-29,4.201,0.3942
2021-06-30,4.1701,0.4037
2021-07-01,4.1771,0.3971
2021-07-02,4.2284,0.4391
2021-07-05,4.3344,0.4133
2021-07-06,4.2995,0.4045
2021-07-07,4.3692,0.4398
2021-07-08,4.4066,0.4415
2021-07-09,4.3744,0.4231
2021-07-12,4.3311,0.4584
2021-07-13,4.3533,0.4508
2021-07-14,4.3264,0.4744
2021-07-15,4.2901,0.438
2021-07-16,4.2731,0.45
2021-07-19,4.263,0.433
2021-07-20,4.2303,0.4396
2021-07-21,4.2736,0.4093
2021-07-22,4.3743,0.4221
2021-07-23,4.5112,0.4627
2021-07-26,4.5267,0.4654
2021-07-27,4.5128,0.4599
2021-07-28,4.5074,0.4627
2021-07-29,4.486,0.4584
2021-07-30,4.4899,0.4784
2021-08-02,4.4134,0.4878
2021-08-03,4.4568,0.4857
2021-08-04,4.4533,0.4854
2021-08-05,4.4518,0.4765
2021-08-06,4.4352,0.4677
2021-08-09,4.3852,0.4608
2021-08-10,4.2738,0.451
2021-08-11,4.384,0.4568
2021-08-12,4.3836,0.4525
2021-08-13,4.4704,0.4593
2021-08-16,4.4429,0.4429
2021-08-17,4.4236,0.4172
2021-08-18,4.4215,0.4606
2021-08-19,4.5003,0.4881
2021-08-20,4.5117,0.477
2021-08-23,4.4222,0.5214
2021-08-24,4.4939,0.523
2021-08-25,4.4804,0.5167
2021-08-26,4.4324,0.4644
2021-08-27,4.6205,0.4453
2021-08-30,4.5991,0.4258
2021-08-31,4.6228,0.4245
2021-09-01,4.6291,0.4868
2021-09-02,4.6427,0.4944
2021-09-03,4.9141,0.5105
2021-09-06,4.9032,0.4907
2021-09-08,4.8533,0.4864
2021-09-09,4.8763,0.4675
2021-09-10,5.011,0.4298
2021-09-13,4.9447,0.4161
2021-09-14,4.9235,0.4353
2021-09-15,4.9137,0.4691
2021-09-16,4.9306,0.4918
2021-09-17,4.9491,0.44
2021-09-20,4.8907,0.4384
2021-09-21,4.866,0.4346
2021-09-22,4.8614,0.4247
2021-09-23,4.8023,0.4067
2021-09-24,4.9809,0.396
2021-09-27,4.869,0.3639
2021-09-28,4.8516,0.3814
2021-09-29,4.8193,0.3528
2021-09-30,4.8016,0.3666
2021-10-01,4.7996,0.4205
2021-10-04,4.7665,0.4065
2021-10-05,4.7121,0.4178
2021-10-06,4.6034,0.4568
2021-10-07,4.5773,0.4401
2021-10-08,4.6157,0.4488
2021-10-11,4.5921,0.4785
2021-10-13,4.6161,0.5269
2021-10-14,4.613,0.4913
2021-10-15,4.7101,0.4956
2021-10-18,4.702,0.5246
2021-10-19,4.6957,0.5269
2021-10-20,4.7202,0.5135
2021-10-21,4.8008,0.5184
2021-10-22,5.0522,0.5604
2021-10-25,5.0318,0.5295
2021-10-26,5.1184,0.5648
2021-10-27,5.1513,0.5496
2021-10-28,5.1508,0.5423
2021-10-29,5.216,0.5459
2021-11-01,5.187,0.5589
2021-11-03,5.1602,0.5185
2021-11-04,5.1559,0.5455
2021-11-05,5.1405,0.5553
2021-11-08,5.1044,0.5752
2021-11-09,5.0716,0.5706
2021-11-10,5.2238,0.6239
2021-11-11,5.2805,0.6338
2021-11-12,5.6324,0.6276
2021-11-16,5.5383,0.6028
2021-11-17,5.5597,0.6092
2021-11-18,5.6019,0.5906
2021-11-19,5.6514,0.575
2021-11-22,5.5811,0.5585
2021-11-23,5.5667,0.5632
2021-11-24,5.5488,0.5521
2021-11-25,5.5402,0.5603
2021-11-26,5.6483,0.6129
2021-11-29,5.5352,0.5201
2021-11-30,5.506,0.5128
2021-12-01,5.4201,0.4992
2021-12-02,5.3715,0.5751
2021-12-03,5.3241,0.5179
2021-12-06,5.2413,0.4995
2021-12-07,5.2166,0.4993
2021-12-08,5.2599,0.5119
2021-12-09,5.2393,0.5181
2021-12-10,5.1922,0.5392
2021-12-13,5.1723,0.5473
2021-12-14,5.1593,0.514
2021-12-15,5.1214,0.489
2021-12-16,5.1431,0.4009
2021-12-17,5.1641,0.4447
2021-12-20,5.0964,0.4548
2021-12-21,5.0739,0.4466
2021-12-22,5.0996,0.4403
2021-12-23,5.0942,0.4287
2021-12-24,5.0661,0.4472
2021-12-27,5.0554,0.4445
2021-12-28,5.0564,0.4583
2021-12-29,5.0456,0.4565
2021-12-30,5.0642,0.4275
2021-12-31,5.0211,0.398
2022-01-03,5.0263,0.3721
2022-01-04,5.0397,0.3703
2022-01-05,5.0452,0.3731
2022-01-06,5.0404,0.3919
2022-01-07,5.0529,0.4072
2022-01-10,5.0933,0.4206
2022-01-11,5.0272,0.4299
2022-01-12,5.0607,0.4388
2022-01-13,5.0544,0.4503
2022-01-14,5.047,0.4626
2022-01-17,5.0472,0.4558
2022-01-18,5.0482,0.4521
2022-01-19,5.1184,0.4648
2022-01-20,5.1317,0.4896
2022-01-21,5.1391,0.3993
2022-01-24,5.1178,0.4038
2022-01-25,5.09,0.4091
2022-01-26,5.0602,0.3976
2022-01-27,5.1451,0.4285
2022-01-28,5.3312,0.4545
2022-01-31,5.3263,0.4389
2022-02-01,5.3329,0.4386
2022-02-02,5.3253,0.437
2022-02-03,5.3665,0.4586
2022-02-04,5.3102,0.5009
2022-02-07,5.1431,0.5234
2022-02-08,5.1345,0.5229
2022-02-09,5.1192,0.4967
2022-02-10,5.1287,0.4543
2022-02-11,5.3307,0.472
2022-02-14,5.2954,0.4667
2022-02-15,5.2965,0.4586
2022-02-16,5.2842,0.4252
2022-02-17,5.3092,0.4266
2022-02-18,5.3077,0.3964
2022-02-21,5.2616,0.4115
2022-02-22,5.2527,0.4194
2022-02-23,5.2444,0.4174
2022-02-24,5.2209,0.4133
2022-02-25,5.2052,0.4313
2022-03-02,5.1768,0.4456
2022-03-03,5.1968,0.4294
2022-03-04,5.2711,0.429
2022-03-07,5.1875,0.4744
2022-03-08,5.2344,0.4961
2022-03-09,5.3516,0.6034
2022-03-10,5.4153,0.6037
2022-03-11,5.8134,0.6071
2022-03-14,5.8009,0.5836
2022-03-15,5.7937,0.5753
2022-03-16,5.7838,0.5559
2022-03-17,5.7684,0.548
2022-03-18,5.8602,0.5392
2022-03-21,5.7506,0.5529
2022-03-22,5.7875,0.5582
2022-03-23,5.7953,0.5545
2022-03-24,5.7911,0.5641
2022-03-25,5.9833,0.6633
2022-03-28,5.8997,0.6549
2022-03-29,5.8728,0.6669
2022-03-30,5.8089,0.71
2022-03-31,5.819,0.7162
2022-04-01,5.7161,0.761
2022-04-04,5.5817,0.8133
2022-04-05,5.613,0.8062
2022-04-06,5.5794,0.7692
2022-04-07,5.4748,0.7693
2022-04-08,5.4471,0.5519
2022-04-11,5.4473,0.5309
2022-04-12,5.5131,0.5489
2022-04-13,5.5092,0.5393
2022-04-14,5.5145,0.5257
2022-04-18,5.5164,0.5508
2022-04-19,5.5129,0.5596
2022-04-20,5.5692,0.5024
2022-04-22,5.5459,0.5461
2022-04-25,5.4891,0.5563
2022-04-26,5.4921,0.556
2022-04-27,5.4839,0.5489
2022-04-28,5.4589,0.5955
2022-04-29,5.6257,0.6371
2022-05-02,5.6417,0.6154
2022-05-03,5.6263,0.6461
2022-05-04,5.609,0.6584
2022-05-05,5.6255,0.6401
2022-05-06,5.8631,0.7102
2022-05-09,5.8274,0.7504
2022-05-10,5.6609,0.7195
2022-05-11,5.7125,0.7498
2022-05-12,5.7815,0.7543
2022-05-13,6.0249,0.7486
2022-05-16,6.0366,0.7707
2022-05-17,6.0925,0.8194
2022-05-18,6.1408,0.7905
2022-05-19,6.0617,0.7858
2022-05-20,6.0788,0.7249
2022-05-23,6.0723,0.731
2022-05-24,6.0235,0.735
2022-05-25,6.0233,0.7375
2022-05-26,6.0123,0.7357
2022-05-27,6.0202,0.787
2022-05-30,6.1114,0.804
2022-05-31,6.2218,0.7765
2022-06-01,6.2186,0.7985
2022-06-02,6.2108,0.8916
2022-06-03,6.1751,0.8193
2022-06-06,6.1573,0.8051
2022-06-07,6.1342,0.8798
2022-06-08,6.1193,0.8219
2022-06-09,6.0835,0.8557
2022-06-10,5.8856,0.8383
2022-06-13,5.8677,0.8127
2022-06-14,5.8661,0.8199
2022-06-15,5.8646,0.7681
2022-06-17,5.7376,0.8473
2022-06-20,5.4702,0.8469
2022-06-21,5.4672,0.8578
2022-06-22,5.4718,0.8488
2022-06-23,5.4072,0.8611
2022-06-24,5.3617,0.8925
2022-06-27,5.611,0.8956
2022-06-28,5.5093,0.8933
2022-06-29,5.5748,0.8762
2022-06-30,5.5659,0.878
2022-07-01,5.2258,0.9796
2022-07-04,5.0467,1.0155
2022-07-05,5.1891,1.0095
2022-07-06,5.0238,0.9485
2022-07-07,5.0325,0.8855
2022-07-08,5.086,0.7948
2022-07-11,5.1348,0.7692
2022-07-12,5.122,0.7687
2022-07-13,5.1712,0.7761
2022-07-14,5.1711,0.7498
2022-07-15,5.1061,0.7513
2022-07-18,5.0646,0.7864
2022-07-19,5.0752,0.7995
2022-07-20,5.0189,0.8114
2022-07-21,5.0468,0.8041
2022-07-22,5.3447,0.7408
2022-07-25,5.4431,0.7254
2022-07-26,5.4502,0.7228
2022-07-27,5.4806,0.7223
2022-07-28,5.4913,0.7036
2022-07-29,5.4645,0.6522
2022-08-01,5.5365,0.6866
2022-08-02,5.5701,0.6759
2022-08-03,5.6363,0.6782
2022-08-04,5.7082,0.6594
2022-08-05,5.5258,0.7092
2022-08-08,5.6198,0.7259
2022-08-09,5.5966,0.748
2022-08-10,5.6236,0.7206
2022-08-11,5.5292,0.7298
2022-08-12,5.5218,0.6695
2022-08-15,5.526,0.6484
2022-08-16,5.5973,0.6695
2022-08-17,5.5759,0.7034
2022-08-18,5.5481,0.7359
2022-08-19,5.4504,0.685
2022-08-22,5.5061,0.7088
2022-08-23,5.5146,0.704
2022-08-24,5.5388,0.6685
2022-08-25,5.5303,0.6545
2022-08-26,5.495,0.6173
2022-08-29,5.5239,0.6063
2022-08-30,5.5366,0.6126
2022-08-31,5.5884,0.6168
2022-09-01,5.6274,0.7725
2022-09-02,5.1773,0.7719
2022-09-05,5.2676,0.7353
2022-09-06,5.3097,0.7444
2022-09-08,5.2905,0.7346
2022-09-09,5.1841,0.6881
2022-09-12,5.2259,0.6575
2022-09-13,5.2072,0.6696
2022-09-14,5.2092,0.6459
2022-09-15,5.1146,0.6401
2022-09-16,5.0414,0.5441
2022-09-19,5.0658,0.5635
2022-09-20,5.069,0.5296
2022-09-21,5.0759,0.5387
2022-09-22,5.0472,0.5101
2022-09-23,4.9586,0.56
2022-09-26,4.9963,0.5468
2022-09-27,5.0239,0.551
2022-09-28,5.0326,0.5459
2022-09-29,5.0504,0.5489
2022-09-30,5.0564,0.563
2022-10-03,5.0958,0.6298
2022-10-04,5.1149,0.6381
2022-10-05,5.1487,0.6351
2022-10-06,5.153,0.6385
2022-10-07,5.0754,0.7114
2022-10-10,5.1776,0.6969
2022-10-11,5.0937,0.6789
2022-10-13,5.0736,0.6709
2022-10-14,5.0708,0.6573
2022-10-17,5.0728,0.6323
2022-10-18,5.0699,0.6157
2022-10-19,5.1037,0.6268
2022-10-20,5.1121,0.6042
2022-10-21,5.0917,0.4356
2022-10-24,5.0969,0.4417
2022-10-25,5.0982,0.4683
2022-10-26,5.0937,0.4702
2022-10-27,5.0916,0.4812
2022-10-28,5.1589,0.5666
2022-10-31,5.1267,0.5083
2022-11-01,5.0959,0.5415
2022-11-03,5.1192,0.5371
2022-11-04,5.1477,0.5129
2022-11-07,5.215,0.5293
2022-11-08,5.1433,0.5293
2022-11-09,5.1298,0.5291
2022-11-10,5.1234,0.5077
2022-11-11,5.1442,0.5078
2022-11-14,5.1826,0.463
2022-11-16,5.1923,0.4507
2022-11-17,5.2013,0.4665
2022-11-18,5.2618,0.4749
2022-11-21,5.2864,0.4487
2022-11-22,5.2841,0.4446
2022-11-23,5.2822,0.4603
2022-11-24,5.2785,0.4714
2022-11-25,5.2453,0.5883
2022-11-28,5.1865,0.5874
2022-11-29,5.1415,0.5792
2022-11-30,5.1283,0.5879
2022-12-01,5.1076,0.5807
2022-12-02,5.3024,0.4123
2022-12-05,5.2923,0.4097
2022-12-06,5.2689,0.4104
2022-12-07,5.2296,0.4336
2022-12-08,5.2404,0.4394
2022-12-09,5.0766,0.5957
2022-12-12,5.0786,0.6022
2022-12-13,5.1202,0.6116
2022-12-14,5.1352,0.6043
2022-12-15,5.1315,0.577
2022-12-16,5.1336,0.567
2022-12-19,5.1713,0.5565
2022-12-20,5.1905,0.5472
2022-12-21,5.1719,0.5462
2022-12-22,5.2092,0.5475
2022-12-23,5.2311,0.4784
2022-12-26,5.2521,0.4867
2022-12-27,5.2483,0.4508
2022-12-28,5.2723,0.4604
2022-12-29,5.3215,0.4331
2022-12-30,5.4651,0.4631
2023-01-02,5.5037,0.4659
2023-01-03,5.4809,0.5152
2023-01-04,5.3975,0.5246
2023-01-05,5.4772,0.4802
2023-01-06,5.4767,0.5279
2023-01-09,5.4482,0.4982
2023-01-10,5.4694,0.5098
2023-01-11,5.467,0.5229
2023-01-12,5.4065,0.5028
2023-01-13,5.3751,0.4905
2023-01-16,5.4066,0.5679
2023-01-17,5.4279,0.6058
2023-01-18,5.4246,0.5748
2023-01-19,5.4587,0.5173
2023-01-20,5.445,0.4726
2023-01-23,5.451,0.4368
2023-01-24,5.4957,0.4501
2023-01-25,5.5336,0.4586
2023-01-26,5.5336,0.5019
2023-01-27,5.7297,0.4896
2023-01-30,5.7284,0.4623
2023-01-31,5.726,0.4711
2023-02-01,5.7127,0.49
2023-02-02,5.7263,0.5036
2023-02-03,5.7254,0.5621
2023-02-06,5.6241,0.6045
2023-02-07,5.6216,0.579
2023-02-08,5.6192,0.6371
2023-02-09,5.6098,0.6524
2023-02-10,5.6634,0.5531
2023-02-13,5.6456,0.5447
2023-02-14,5.655,0.5404
2023-02-15,5.6507,0.5311
2023-02-16,5.6734,0.3755
2023-02-17,5.7589,0.4317
2023-02-22,5.7056,0.4792
2023-02-23,5.7047,0.4826
2023-02-24,5.678,0.4684
2023-02-27,5.6443,0.4779
2023-02-28,5.5329,0.5091
2023-03-01,5.4399,0.5355
2023-03-02,5.4359,0.4971
2023-03-03,5.6385,0.5121
2023-03-06,5.608,0.4994
2023-03-07,5.5921,0.5097
2023-03-08,5.5778,0.4888
2023-03-09,5.5867,0.4969
2023-03-10,5.5538,0.5198
2023-03-13,5.461,0.5258
2023-03-14,5.3881,0.5094
2023-03-15,5.4001,0.5299
2023-03-16,5.481,0.5278
2023-03-17,5.4689,0.4247
2023-03-20,5.3936,0.459
2023-03-21,5.4104,0.4665
2023-03-22,5.3784,0.4659
2023-03-23,5.3577,0.4776
2023-03-24,5.3578,0.4727
2023-03-27,5.3215,0.4824
2023-03-28,5.3025,0.4777
2023-03-29,5.2961,0.4861
2023-03-30,5.2837,0.4745
2023-03-31,5.3046,0.5551
2023-04-03,5.2263,0.4955
2023-04-04,5.2165,0.5792
2023-04-05,5.1764,0.5679
2023-04-06,5.2008,0.5321
2023-04-10,5.304,0.544
2023-04-11,5.3061,0.5397
2023-04-12,5.2903,0.528
2023-04-13,5.2844,0.5185
2023-04-14,5.253,0.5823
2023-04-17,5.2229,0.5851
2023-04-18,5.2508,0.5995
2023-04-19,5.2924,0.5865
2023-04-20,5.2876,0.4825
2023-04-24,5.2739,0.4815
2023-04-25,5.2493,0.4779
2023-04-26,5.2513,0.4797
2023-04-27,5.2496,0.4784
2023-04-28,5.2705,0.5096
2023-05-02,5.2512,0.4608
2023-05-03,5.2429,0.5022
2023-05-04,5.2023,0.5025
2023-05-05,5.1633,0.4876
2023-05-08,5.0936,0.5637
2023-05-09,5.1065,0.5815
2023-05-10,5.1085,0.6063
2023-05-11,5.1256,0.6206
2023-05-12,4.9209,0.5621
2023-05-15,4.8905,0.5456
2023-05-16,4.8812,0.5333
2023-05-17,4.8674,0.5157
2023-05-18,4.8492,0.536
2023-05-19,4.7298,0.4813
2023-05-22,4.7112,0.4847
2023-05-23,4.7207,0.487
2023-05-24,4.707,0.4876
2023-05-25,4.6997,0.5178
2023-05-26,4.3624,0.5805
2023-05-29,4.3752,0.5616
2023-05-30,4.3702,0.5582
2023-05-31,4.3601,0.5623
2023-06-01,4.4073,0.5659
2023-06-02,4.4678,0.6101
2023-06-05,4.4795,0.5811
2023-06-06,4.4775,0.5967
2023-06-07,4.374,0.5927
2023-06-09,4.2347,0.5522
2023-06-12,4.1997,0.5451
2023-06-13,4.2044,0.5431
2023-06-14,4.2102,0.5297
2023-06-15,4.2363,0.5479
2023-06-16,4.1608,0.4468
2023-06-19,4.1448,0.4512
2023-06-20,4.1637,0.4441
2023-06-21,4.1293,0.4486
2023-06-22,4.1347,0.453
2023-06-23,4.1215,0.4452
2023-06-26,4.1563,0.4024
2023-06-27,4.1689,0.3955
2023-06-28,4.1791,0.4022
2023-06-29,4.1884,0.402
2023-06-30,4.143,0.4173
2023-07-03,4.1681,0.4476
2023-07-04,4.1751,0.447
2023-07-05,4.2005,0.456
2023-07-06,4.1959,0.4509
2023-07-07,4.1409,0.4868
2023-07-10,4.1718,0.4467
2023-07-11,4.1782,0.4579
2023-07-12,4.1803,0.4564
2023-07-13,4.1925,0.514
2023-07-14,4.1319,0.5143
2023-07-17,4.0971,0.4963
2023-07-18,4.1367,0.4943
2023-07-19,4.1526,0.5197
2023-07-20,4.1894,0.4921
2023-07-21,4.1769,0.4092
2023-07-24,4.1716,0.4121
2023-07-25,4.1769,0.4138
2023-07-26,4.1544,0.4219
2023-07-27,4.1443,0.4189
2023-07-28,4.1069,0.369
2023-07-31,4.0945,0.3713
2023-08-01,4.1111,0.4202
2023-08-02,4.1201,0.4205
2023-08-03,4.1196,0.4426
2023-08-04,4.082,0.5194
2023-08-07,4.1078,0.5161
2023-08-08,4.0719,0.4354
2023-08-09,4.1028,0.482
2023-08-10,4.1209,0.4535
2023-08-11,4.0484,0.437
2023-08-14,3.9929,0.4238
2023-08-15,4.018,0.4241
2023-08-16,4.072,0.3579
2023-08-17,4.088,0.3664
2023-08-18,4.1786,0.3678
2023-08-21,4.1812,0.4326
2023-08-22,4.1821,0.4358
2023-08-23,4.183,0.4419
2023-08-24,4.1778,0.4526
2023-08-25,4.1503,0.4947
2023-08-28,4.1097,0.4528
2023-08-29,4.0665,0.4582
2023-08-30,4.0269,0.463
2023-08-31,4.0608,0.4655
2023-09-01,4.0836,0.4253
2023-09-04,4.1522,0.3886
2023-09-05,4.122,0.3823
2023-09-06,4.0997,0.4001
2023-09-08,4.0908,0.3611
2023-09-11,4.0836,0.3638
2023-09-12,4.0214,0.4165
2023-09-13,4.0106,0.4254
2023-09-14,3.9833,0.4151
2023-09-15,4.081,0.4042
2023-09-18,4.0598,0.404
2023-09-19,4.0487,0.4032
2023-09-20,4.0605,0.3934
2023-09-21,4.0648,0.3698
2023-09-22,4.0664,0.3827
2023-09-25,4.0382,0.382
2023-09-26,4.0484,0.4199
2023-09-27,4.0266,0.4172
2023-09-28,4.0163,0.4226
2023-09-29,4.0088,0.4694
2023-10-02,4.0475,0.4385
2023-10-03,4.0473,0.413
2023-10-04,4.0498,0.3488
2023-10-05,4.0498,0.3314
2023-10-06,3.9813,0.3488
2023-10-09,3.9785,0.4162
2023-10-10,3.98,0.4198
2023-10-11,3.9988,0.4391
2023-10-13,3.9089,0.4359
2023-10-16,3.904,0.404
2023-10-17,3.8259,0.3498
2023-10-18,3.8108,0.3911
2023-10-19,3.8104,0.3681
2023-10-20,3.8294,0.3518
2023-10-23,3.8794,0.3549
2023-10-24,3.8739,0.3518
2023-10-25,3.8815,0.3661
2023-10-26,3.8785,0.3562
2023-10-27,3.8849,0.3417
2023-10-30,3.8845,0.3407
2023-10-31,3.8816,0.3543
2023-11-01,3.8802,0.3692
2023-11-03,3.9404,0.3693
2023-11-06,3.9271,0.3894
2023-11-07,3.8829,0.37
2023-11-08,3.9301,0.3651
2023-11-09,3.9375,0.3145
2023-11-10,3.9381,0.401
2023-11-13,3.9276,0.4106
2023-11-14,3.922,0.4159
2023-11-16,3.9227,0.4143
2023-11-17,3.9194,0.376
2023-11-20,3.9291,0.3477
2023-11-21,3.9223,0.3505
2023-11-22,3.9115,0.3564
2023-11-23,3.9119,0.3508
2023-11-24,3.8524,0.4178
2023-11-27,3.8838,0.4236
2023-11-28,3.9254,0.432
2023-11-29,3.9261,0.4338
2023-11-30,3.9464,0.4546
2023-12-01,3.9134,0.4423
2023-12-04,3.8688,0.4123
2023-12-05,3.8347,0.4058
2023-12-06,3.8663,0.4002
2023-12-07,3.8499,0.4027
2023-12-08,3.8914,0.3554
2023-12-11,3.8941,0.3575
2023-12-12,3.8929,0.3675
2023-12-13,3.8718,0.3768
2023-12-14,3.8798,0.3685
2023-12-15,3.7995,0.3469
2023-12-18,3.8398,0.341
2023-12-19,3.8061,0.3271
2023-12-20,3.8002,0.3223
2023-12-21,3.8237,0.3302
2023-12-22,3.8465,0.3419
2023-12-26,3.8518,0.332
2023-12-27,3.8502,0.3288
2023-12-28,3.8572,0.3206
2023-12-29,3.8625,0.3107
2024-01-02,3.8693,0.2622
2024-01-03,3.8284,0.293
2024-01-04,3.8245,0.2841
2024-01-05,3.8303,0.3715
2024-01-08,3.8317,0.3646
2024-01-09,3.8867,0.3816
2024-01-10,3.9,0.3716
2024-01-11,3.8397,0.3004
2024-01-12,3.8474,0.3545
2024-01-15,3.8397,0.3778
2024-01-16,3.8416,0.3762
2024-01-17,3.8526,0.3703
2024-01-18,3.8451,0.3576
2024-01-19,3.8492,0.3111
2024-01-22,3.8512,0.3085
2024-01-23,3.8482,0.3145
2024-01-24,3.8551,0.3112
2024-01-25,3.86,0.3186
2024-01-26,3.8159,0.2972
2024-01-29,3.7947,0.2942
2024-01-30,3.8261,0.3012
2024-01-31,3.7904,0.2962
2024-02-01,3.804,0.2946
2024-02-02,3.7611,0.2883
2024-02-05,3.7612,0.2907
2024-02-06,3.7254,0.2578
2024-02-07,3.7519,0.2575
2024-02-08,3.7415,0.2649
2024-02-09,3.7698,0.2953
2024-02-14,3.737,0.3024
2024-02-15,3.7254,0.301
2024-02-16,3.6895,0.2987
2024-02-19,3.6679,0.2845
2024-02-20,3.6538,0.2554
2024-02-21,3.6341,0.2703
2024-02-22,3.6106,0.2753
2024-02-23,3.6678,0.2594
2024-02-26,3.6481,0.2983
2024-02-27,3.6086,0.3115
2024-02-28,3.5449,0.3186
2024-02-29,3.535,0.317
2024-03-01,3.5596,0.3352
2024-03-04,3.5839,0.3017
2024-03-05,3.5808,0.3213
2024-03-06,3.5783,0.3128
2024-03-07,3.5494,0.3278
2024-03-08,3.5283,0.3029
2024-03-11,3.4894,0.3257
2024-03-12,3.4559,0.3153
2024-03-13,3.4462,0.3428
2024-03-14,3.3971,0.3361
2024-03-15,3.4027,0.3092
2024-03-18,3.4126,0.3057
2024-03-19,3.4258,0.3044
2024-03-20,3.4253,0.3011
2024-03-21,3.4231,0.3044
2024-03-22,3.4078,0.306
2024-03-25,3.4242,0.3034
2024-03-26,3.4257,0.2872
2024-03-27,3.4176,0.2939
2024-03-28,3.4245,0.2901
2024-04-01,3.487,0.2789
2024-04-02,3.4871,0.2778
2024-04-03,3.508,0.2741
2024-04-04,3.5183,0.277
2024-04-05,3.5255,0.2935
2024-04-08,3.5328,0.2922
2024-04-09,3.5351,0.2854
2024-04-10,3.5351,0.2694
2024-04-11,3.5237,0.312
2024-04-12,3.5263,0.2964
2024-04-15,3.5293,0.3075
2024-04-16,3.5095,0.3126
2024-04-17,3.5414,0.3074
2024-04-18,3.5611,0.2477
2024-04-19,3.5934,0.3008
2024-04-22,3.5765,0.3023
2024-04-23,3.5849,0.3034
2024-04-24,3.5842,0.3176
2024-04-25,3.5987,0.3189
2024-04-26,3.5195,0.3061
2024-04-29,3.5188,0.2866
2024-04-30,3.5288,0.313
2024-05-02,3.5483,0.2952
2024-05-03,3.6158,0.3645
2024-05-06,3.6257,0.3702
2024-05-07,3.6339,0.3617
2024-05-08,3.6202,0.3629
2024-05-09,3.6433,0.3745
2024-05-10,3.6549,0.3646
2024-05-13,3.6588,0.3653
2024-05-14,3.6521,0.3668
2024-05-15,3.644,0.3667
2024-05-16,3.6358,0.3735
2024-05-17,3.655,0.3076
2024-05-20,3.614,0.3801
2024-05-21,3.6078,0.3942
2024-05-22,3.6438,0.3923
2024-05-23,3.6186,0.4038
2024-05-24,3.6428,0.4104
2024-05-27,3.6279,0.3752
2024-05-28,3.6216,0.3758
2024-05-29,3.5893,0.3735
2024-05-31,3.6134,0.3958
2024-06-03,3.6778,0.4024
2024-06-04,3.6737,0.4013
2024-06-05,3.67,0.368
2024-06-06,3.6679,0.3757
2024-06-07,3.6659,0.3226
2024-06-10,3.6479,0.348
2024-06-11,3.6001,0.3563
2024-06-12,3.628,0.3699
2024-06-13,3.6115,0.3603
2024-06-14,3.6058,0.4041
2024-06-17,3.5965,0.4069
2024-06-18,3.5974,0.4053
2024-06-19,3.588,0.4003
2024-06-20,3.5808,0.4025
2024-06-21,3.61,0.3922
2024-06-24,3.6085,0.3964
2024-06-25,3.5959,0.397
2024-06-26,3.6146,0.4152
2024-06-27,3.6159,0.4229
2024-06-28,3.6299,0.3856
2024-07-01,3.6138,0.3863
2024-07-02,3.6086,0.3858
2024-07-03,3.6407,0.3443
2024-07-04,3.6187,0.3838
2024-07-05,3.5982,0.45
2024-07-08,3.6667,0.4696
2024-07-09,3.6562,0.4603
2024-07-10,3.7172,0.4213
2024-07-11,3.7546,0.3855
2024-07-12,3.7491,0.3535
2024-07-15,3.7257,0.3787
2024-07-16,3.7283,0.3855
2024-07-17,3.728,0.3795
2024-07-18,3.7308,0.3998
2024-07-19,3.7549,0.4462
2024-07-22,3.7401,0.436
2024-07-23,3.731,0.4316
2024-07-24,3.7452,0.43
2024-07-25,3.7393,0.4483
2024-07-26,3.7198,0.4495
2024-07-29,3.7192,0.4474
2024-07-30,3.7159,0.448
2024-07-31,3.7144,0.4508
2024-08-01,3.7143,0.4695
2024-08-02,3.8733,0.4797
2024-08-05,3.8876,0.4346
2024-08-06,3.847,0.4425
2024-08-07,3.8274,0.4444
2024-08-08,3.7438,0.4301
2024-08-09,3.7254,0.3906
2024-08-12,3.7425,0.3737
2024-08-13,3.7758,0.3877
2024-08-14,3.7823,0.3908
2024-08-15,3.7668,0.3765
2024-08-16,3.693,0.3985
2024-08-19,3.8064,0.3734
2024-08-20,3.8199,0.37
2024-08-21,3.8287,0.363
2024-08-22,3.8467,0.3431
2024-08-23,3.8393,0.3864
2024-08-26,3.8596,0.3925
2024-08-27,3.8587,0.3945
2024-08-28,3.8508,0.3964
2024-08-29,3.8499,0.4018
2024-08-30,3.8215,0.3385
2024-09-02,3.8993,0.3738
2024-09-03,3.912,0.3446
2024-09-04,3.9146,0.3884
2024-09-05,3.9993,0.3854
2024-09-06,4.12,0.3706
2024-09-09,4.1356,0.3632
2024-09-10,4.1268,0.3661
2024-09-11,4.1144,0.3625
2024-09-12,4.1237,0.35
2024-09-13,4.0838,0.3953
2024-09-16,4.0808,0.4128
2024-09-17,4.1094,0.4038
2024-09-18,4.0795,0.4071
2024-09-19,4.0692,0.4225
2024-09-20,4.0719,0.4481
2024-09-23,4.0173,0.439
2024-09-24,3.994,0.4363
2024-09-25,4.007,0.4352
2024-09-26,3.9739,0.4296
2024-09-27,3.9242,0.3145
2024-09-30,3.931,0.3206
2024-10-01,3.9178,0.3283
2024-10-02,3.8989,0.3232
2024-10-03,3.9009,0.3314
2024-10-04,3.9547,0.4473
2024-10-07,3.9584,0.4288
2024-10-08,3.9333,0.4461
2024-10-09,3.967,0.4347
2024-10-10,3.9905,0.4124
2024-10-11,4.0237,0.4016
2024-10-14,4.0031,0.3896
2024-10-15,4.0034,0.3527
2024-10-16,4.0021,0.3666
2024-10-17,4.0523,0.3796
2024-10-18,4.0797,0.451
2024-10-21,4.06,0.4452
2024-10-22,4.0533,0.4474
2024-10-23,4.0421,0.4562
2024-10-24,4.0403,0.4577
2024-10-25,4.0436,0.4063
2024-10-28,4.0229,0.4365
2024-10-29,4.016,0.4651
2024-10-30,4.0044,0.4546
2024-10-31,3.9961,0.4393
2024-11-01,4.1431,0.502
2024-11-04,4.1357,0.5047
2024-11-05,4.111,0.4941
2024-11-06,4.1243,0.4906
2024-11-07,4.1032,0.5086
2024-11-08,4.1673,0.4098
2024-11-11,4.1017,0.4058
2024-11-12,4.1259,0.4113
2024-11-13,4.1865,0.453
2024-11-14,4.1957,0.4442
2024-11-18,4.1946,0.4479
2024-11-19,4.3651,0.4137
2024-11-21,4.4398,0.4376
2024-11-22,4.4415,0.439
2024-11-25,4.4358,0.4424
2024-11-26,4.4065,0.4422
2024-11-27,4.4117,0.4571
2024-11-28,4.4137,0.4621
2024-11-29,4.4216,0.5465
2024-12-02,4.4376,0.577
2024-12-03,4.4896,0.5668
2024-12-04,4.5355,0.5678
2024-12-05,4.609,0.5777
2024-12-06,4.8016,0.5581
2024-12-09,4.8105,0.534
2024-12-10,4.8432,0.5412
2024-12-11,4.8775,0.5282
2024-12-12,4.7996,0.5325
2024-12-13,4.7947,0.5456
2024-12-16,4.6818,0.5489
2024-12-17,4.7074,0.5327
2024-12-18,4.7183,0.5336
2024-12-19,4.7443,0.5168
2024-12-20,5.0531,0.5377
2024-12-23,5.0712,0.5295
2024-12-24,5.1081,0.5284
2024-12-26,5.103,0.5254
2024-12-27,5.0936,0.5465
2024-12-30,5.1006,0.549
2024-12-31,5.0198,0.5409
2025-01-02,5.017,0.5398
2025-01-03,4.9556,0.5703
2025-01-06,4.8827,0.5359
2025-01-07,4.8553,0.5514
2025-01-08,4.8489,0.5742
2025-01-09,4.8795,0.5712
2025-01-10,5.0764,0.6321
2025-01-13,5.1578,0.6276
2025-01-14,5.2729,0.6145
2025-01-15,5.3169,0.5919
2025-01-16,5.3366,0.5974
2025-01-17,5.2186,0.6975
2025-01-20,5.2044,0.6688
2025-01-21,5.2645,0.692
2025-01-22,5.299,0.6815
2025-01-23,5.3308,0.6398
2025-01-24,5.7264,0.6417
2025-01-27,5.7507,0.6172
2025-01-28,5.7454,0.614
2025-01-29,5.7545,0.6184
2025-01-30,5.7735,0.6171
2025-01-31,5.737,0.5198
2025-02-03,5.6026,0.6182
2025-02-04,5.6959,0.5981
2025-02-05,5.741,0.5649
2025-02-06,5.7728,0.5316
2025-02-07,5.7895,0.5213
2025-02-10,5.7384,0.5827
2025-02-11,5.8057,0.5652
2025-02-12,5.77,0.5631
2025-02-13,5.7384,0.593
2025-02-14,5.7191,0.6066
2025-02-17,5.6534,0.5237
2025-02-18,5.5786,0.5367
2025-02-19,5.5825,0.5367
2025-02-20,5.566,0.5053
2025-02-21,5.6702,0.5167
2025-02-24,5.6138,0.5194
2025-02-25,5.5531,0.522
2025-02-26,5.5416,0.5076
2025-02-27,5.4863,0.5142
2025-02-28,5.4119,0.4643
2025-03-05,5.233,0.5154
2025-03-06,5.2343,0.5387
2025-03-07,5.1848,0.5324
2025-03-10,5.1722,0.5541
2025-03-11,5.1309,0.5331
2025-03-12,5.1718,0.4893
2025-03-13,5.1752,0.4641
2025-03-14,5.2646,0.4872
2025-03-17,5.245,0.4963
2025-03-18,5.2146,0.496
2025-03-19,5.2325,0.5076
2025-03-20,5.2262,0.5107
2025-03-21,5.1427,0.5231
2025-03-24,5.1271,0.5059
2025-03-25,5.1736,0.5078
2025-03-26,5.1626,0.5094
2025-03-27,5.1239,0.4908
2025-03-28,5.164,0.4818
2025-03-31,5.1474,0.4851
2025-04-01,5.0848,0.4916
2025-04-02,5.129,0.4988
2025-04-03,5.1368,0.5318
2025-04-04,4.8457,0.5268
2025-04-07,4.7729,0.5267
2025-04-08,4.8069,0.5166
2025-04-09,4.7795,0.4984
2025-04-10,4.7914,0.4995
2025-04-11,4.9329,0.4899
2025-04-14,4.9436,0.5565
2025-04-15,4.9417,0.5554
2025-04-16,4.9457,0.5492
2025-04-17,4.9583,0.4971
2025-04-22,4.9576,0.4906
2025-04-23,4.9613,0.4461
2025-04-24,4.9573,0.4464
2025-04-25,4.9478,0.4589
2025-04-28,4.9096,0.458
2025-04-29,4.8936,0.4919
2025-04-30,4.9061,0.4646
2025-05-02,4.9592,0.4696
2025-05-05,4.9726,0.4798
2025-05-06,4.9749,0.4852
2025-05-07,4.9767,0.4707
2025-05-08,4.9569,0.459
2025-05-09,4.9449,0.4482
2025-05-12,4.848,0.3409
2025-05-13,4.8477,0.4679
2025-05-14,4.8657,0.4818
2025-05-15,4.7923,0.465
2025-05-16,4.8538,0.5695
2025-05-19,4.8941,0.5936
2025-05-20,4.8662,0.5353
2025-05-21,4.865,0.5096
2025-05-22,4.891,0.509
2025-05-23,4.8863,0.409
2025-05-26,4.8734,0.3786
2025-05-27,4.8727,0.3795
2025-05-28,4.8688,0.4076
2025-05-29,4.868,0.3999
2025-05-30,4.7076,0.5275
2025-06-02,4.678,0.5225
2025-06-03,4.7068,0.5397
2025-06-04,4.7188,0.5019
2025-06-05,4.7155,0.5271
2025-06-06,4.7056,0.4106
2025-06-09,4.6968,0.3947
2025-06-10,4.6813,0.4119
2025-06-11,4.6871,0.4011
2025-06-12,4.6829,0.3631
2025-06-13,4.7125,0.4165
2025-06-16,4.7077,0.42
2025-06-17,4.707,0.4145
2025-06-18,4.7069,0.4134
2025-06-20,4.6933,0.43
2025-06-23,4.6554,0.369
2025-06-24,4.657,0.3689
2025-06-25,4.6562,0.3702
2025-06-26,4.6509,0.3652
2025-06-27,4.5398,0.354
2025-06-30,4.6299,0.3444
2025-07-01,4.6027,0.3417
2025-07-02,4.6139,0.3438
2025-07-03,4.6503,0.3593
2025-07-04,4.6903,0.3806
2025-07-07,4.689,0.3875
2025-07-08,4.6918,0.3825
2025-07-09,4.6905,0.3616
2025-07-10,4.6612,0.3928
2025-07-11,4.6545,0.4239
2025-07-14,4.6436,0.5218
2025-07-15,4.6341,0.5252
2025-07-16,4.5947,0.4978
2025-07-17,4.5925,0.4936
2025-07-18,4.4911,0.3918
2025-07-21,4.4882,0.393
2025-07-22,4.4771,0.3972
2025-07-23,4.4735,0.4075
2025-07-24,4.4687,0.4054
2025-07-25,4.4612,0.3964
2025-07-28,4.4368,0.4008
2025-07-29,4.4315,0.4014
2025-07-30,4.4262,0.3932
2025-07-31,4.3798,0.3991
2025-08-01,4.3913,0.305
2025-08-04,4.3788,0.3129
2025-08-05,4.3693,0.3101
2025-08-06,4.3781,0.3076
2025-08-07,4.3898,0.3312
2025-08-08,4.3578,0.3445
2025-08-11,4.3125,0.3375
2025-08-12,4.3399,0.3394
2025-08-13,4.3355,0.3414
2025-08-14,4.35,0.3159
2025-08-15,4.3137,0.2855
2025-08-18,4.3513,0.285
2025-08-19,4.3422,0.2756
2025-08-20,4.3769,0.286
2025-08-21,4.358,0.3073
2025-08-22,4.2602,0.3212
2025-08-25,4.2767,0.3968
2025-08-26,4.3063,0.3999
2025-08-27,4.3109,0.4001
2025-08-28,4.3286,0.3923
2025-08-29,4.3203,0.4403
2025-09-01,4.3899,0.2812
2025-09-02,4.3816,0.2819
2025-09-03,4.4034,0.2952
2025-09-04,4.4149,0.314
2025-09-05,4.4765,0.3275
2025-09-08,4.4587,0.3391
2025-09-09,4.478,0.4966
2025-09-10,4.4733,0.4725
2025-09-11,4.4433,0.4517
2025-09-12,4.4196,0.3976
2025-09-15,4.41,0.3925
2025-09-16,4.4007,0.394
2025-09-17,4.3894,0.3215
2025-09-18,4.3816,0.3213
2025-09-19,4.3551,0.3302
2025-09-22,4.3469,0.326
2025-09-23,4.3219,0.3221
2025-09-24,4.2945,0.321
2025-09-25,4.2548,0.3127
2025-09-26,4.2861,0.2167
2025-09-29,4.2856,0.2206
2025-09-30,4.2835,0.2144
2025-10-01,4.2756,0.2237
2025-10-02,4.2723,0.225
2025-10-03,4.2841,0.2445
2025-10-06,4.2211,0.2598
2025-10-07,4.1993,0.2648
2025-10-08,4.1642,0.2862
2025-10-09,4.1521,0.4236
2025-10-10,4.0428,0.3892
2025-10-13,4.0587,0.3945
2025-10-14,4.0739,0.3887
2025-10-15,4.0907,0.3765
2025-10-16,4.0838,0.2826
2025-10-17,4.1661,0.2756
2025-10-20,4.1416,0.2628
2025-10-21,4.0936,0.2731
2025-10-22,4.1025,0.27
2025-10-23,4.1295,0.3772
2025-10-24,4.0432,0.3519
2025-10-27,4.0634,0.3586
2025-10-28,4.0534,0.3547
2025-10-29,4.0571,0.3543
2025-10-30,4.0592,0.3306
2025-10-31,4.0569,0.3426
2025-11-03,4.0839,0.3358
2025-11-04,4.0931,0.3436
2025-11-05,4.0984,0.3469
2025-11-06,4.1013,0.3025
2025-11-07,4.1093,0.3232
2025-11-10,4.1489,0.3631
2025-11-11,4.1577,0.3382
2025-11-12,4.1041,0.3324
2025-11-13,4.1066,0.3249
2025-11-14,4.1181,0.3424
2025-11-17,4.1238,0.3167
2025-11-18,4.1168,0.309
2025-11-19,4.1171,0.3122
2025-11-21,4.0397,0.3181
2025-11-24,4.0659,0.3124
2025-11-25,4.0853,0.31
2025-11-26,4.0745,0.3149
2025-11-27,4.0532,0.3198
2025-11-28,4.0865,0.3044
2025-12-01,4.0379,0.2902
2025-12-02,4.0347,0.3051
2025-12-03,4.0414,0.2983
2025-12-04,4.0383,0.3025
2025-12-05,4.0133,0.2956
2025-12-08,4.0238,0.3429
2025-12-09,4.0241,0.333
2025-12-10,4.0203,0.3319
2025-12-11,4.0223,0.3269
2025-12-12,3.9985,0.3567
2025-12-15,3.9722,0.2643
2025-12-16,3.9808,0.2734
2025-12-17,3.9884,0.274
2025-12-18,3.9767,0.2733
2025-12-19,4.0023,0.263
2025-12-22,4.0144,0.2672
2025-12-23,4.0123,0.2644
2025-12-24,4.0214,0.2693
2025-12-26,4.0022,0.2804
2025-12-29,3.9307,0.4068
2025-12-30,3.9282,0.4148
2025-12-31,3.9503,0.4281
2026-01-02,3.9476,0.4166
2026-01-05,3.9906,0.3969
2026-01-06,3.9806,0.3135
2026-01-07,3.9779,0.3296
2026-01-08,3.9902,0.3325
2026-01-09,4.0042,0.329
2026-01-12,4.0168,0.3189
2026-01-13,4.0093,0.3154
2026-01-14,4.0214,0.3069
2026-01-15,4.0172,0.3015
2026-01-16,4.041,0.2577
2026-01-19,4.0327,0.2962
2026-01-20,4.0292,0.3034
2026-01-21,4.0251,0.2963
2026-01-22,4.0202,0.3124
2026-01-23,3.9837,0.2866
2026-01-26,3.9899,0.2838
2026-01-27,4.0182,0.2822
2026-01-28,4.0126,0.2847
2026-01-29,4.0183,0.2819
2026-01-30,3.9471,0.2568
2026-02-02,3.95,0.2722
2026-02-03,3.9491,0.2755
2026-02-04,3.9515,0.283
2026-02-05,3.9538,0.29
2026-02-06,3.9761,0.2562
2026-02-09,3.9494,0.2396
2026-02-10,3.9505,0.2287
2026-02-11,3.9399,0.2321
2026-02-12,3.9372,0.2255
2026-02-13,3.9326,0.2737
2026-02-18,3.9046,0.2726
2026-02-19,3.949,0.2839
2026-02-20,3.9567,0.2695
2026-02-23,3.9597,0.266
2026-02-24,3.9598,0.2675
2026-02-25,3.9616,0.2761
2026-02-26,3.964,0.2802
2026-02-27,3.9464,0.3132
2026-03-02,3.9262,0.3251
2026-03-03,3.9274,0.3299
2026-03-04,3.9285,0.3221
2026-03-05,3.9332,0.3296
2026-03-06,3.9409,0.3458
