date,position_type,position_size,regime,signal,execution_style,entry_spread
2012-02-01,small_flat,-0.22657138486856562,medium_uncertainty,-0.45314276973713125,standard,0.018425073554928506
2012-02-10,small_flat,-0.1701225209940141,medium_uncertainty,-0.3402450419880282,standard,0.02078118520157249
2012-02-23,small_flat,-0.1178370213978885,medium_uncertainty,-0.235674042795777,standard,0.0195050965578438
2012-03-07,small_flat,-0.21916823809940872,medium_uncertainty,-0.43833647619881744,standard,0.0194005202702823
2012-03-12,flattener,-0.12800917282625782,low_uncertainty,-0.640045864131289,collect_carry,0.0223792960355549
2012-03-26,small_flat,-0.22904046882964846,medium_uncertainty,-0.4580809376592969,standard,0.019068984999483604
2012-04-02,small_flat,-0.16047088344996002,medium_uncertainty,-0.32094176689992004,standard,0.01852872890331711
2012-04-12,small_flat,-0.10925917538704487,medium_uncertainty,-0.21851835077408974,standard,0.01931231023799819
2012-04-17,small_flat,-0.17112321809802347,medium_uncertainty,-0.34224643619604694,standard,0.019068881851194305
2012-06-04,flattener,-0.10104175106473033,low_uncertainty,-0.5052087553236516,collect_carry,0.026144914513656692
2012-06-08,small_flat,-0.20901952517761452,medium_uncertainty,-0.41803905035522904,standard,0.023835639032396203
2012-07-05,flattener,-0.10111189193523513,low_uncertainty,-0.5055594596761757,collect_carry,0.022578661915010997
2012-07-23,flattener,-0.19264052992192418,low_uncertainty,-0.9632026496096209,collect_carry,0.015927778445393295
2012-07-30,flattener,-0.13441622263360023,low_uncertainty,-0.6720811131680011,collect_carry,0.0154279275194662
2012-08-17,small_flat,-0.235892108921736,medium_uncertainty,-0.471784217843472,standard,0.015536056048953195
2012-08-27,flattener,-0.12188790260009874,low_uncertainty,-0.6094395130004937,collect_carry,0.014295583288176594
2012-09-10,small_flat,-0.06734559898981564,medium_uncertainty,-0.13469119797963128,standard,0.013956441274715
2012-09-13,small_flat,-0.006877678474952231,medium_uncertainty,-0.013755356949904462,standard,0.016944507609789605
2012-09-18,small_flat,-0.07349871846993698,medium_uncertainty,-0.14699743693987397,standard,0.016253954536068704
2012-09-24,small_flat,-0.1492008519948537,medium_uncertainty,-0.2984017039897074,standard,0.016841856121105697
2012-10-01,small_flat,-0.21583743932263544,medium_uncertainty,-0.4316748786452709,standard,0.016000933262644707
2012-10-08,flattener,-0.10209552353836925,low_uncertainty,-0.5104776176918462,collect_carry,0.01783897228034069
2012-10-11,flattener,-0.185597404268366,low_uncertainty,-0.5095642523816809,collect_carry,0.016239885910141402
2012-10-15,flattener,-0.3206593870949593,low_uncertainty,-0.6413187741899186,collect_carry,0.015959521483214195
2012-10-18,flattener,-0.38339579836978005,low_uncertainty,-0.7667915967395601,collect_carry,0.015720151350390205
2012-10-19,flattener,-0.2312122166101064,low_uncertainty,-0.6235008575692856,collect_carry,0.015260429946332199
2012-10-22,flattener,-0.12466580377959804,low_uncertainty,-0.6233290188979902,collect_carry,0.015033479484945392
2012-11-08,flattener,-0.18524719161717884,low_uncertainty,-0.9262359580858942,collect_carry,0.016091189092104108
2012-11-09,flattener,-0.12419183739038704,low_uncertainty,-0.6209591869519352,collect_carry,0.016298802324484093
2012-12-10,small_flat,-0.20756170724489673,medium_uncertainty,-0.41512341448979345,standard,0.021484618746887993
2012-12-19,flattener,-0.10993198567828988,low_uncertainty,-0.5496599283914494,collect_carry,0.0197885603756503
2013-01-31,flattener,-0.17806790648578394,low_uncertainty,-0.8903395324289196,collect_carry,0.018430288240561796
2013-02-01,flattener,-0.12805299563607225,low_uncertainty,-0.6402649781803612,collect_carry,0.017547940569913503
2013-02-25,small_flat,-0.24379705327753076,medium_uncertainty,-0.4875941065550615,standard,0.012064618328534907
2013-03-01,flattener,-0.10764605830749539,low_uncertainty,-0.5382302915374769,collect_carry,0.014150669734629001
2013-03-04,small_flat,-0.23859586222126788,medium_uncertainty,-0.47719172444253577,standard,0.012875739406317505
2013-03-05,small_flat,-0.10303622584098115,medium_uncertainty,-0.2060724516819623,standard,0.011326006807419395
2013-03-11,small_flat,-0.17202616096306883,medium_uncertainty,-0.34405232192613766,standard,0.01092454121221631
2013-03-19,small_flat,-0.1030175624331497,medium_uncertainty,-0.2060351248662994,standard,0.01276194747229531
2013-04-01,small_flat,-0.17516900617844589,medium_uncertainty,-0.35033801235689177,standard,0.013932994237882301
2013-04-05,flattener,-0.11899390495609248,low_uncertainty,-0.5949695247804624,collect_carry,0.0106539489869098
2013-04-18,flattener,-0.3916854488138229,low_uncertainty,-0.8265227650626069,collect_carry,0.011449547976584401
2013-04-29,flattener,-0.14795828211457812,low_uncertainty,-0.7397914105728906,collect_carry,0.010132207607910199
2013-05-10,small_bear,0.08288637651937054,medium_uncertainty,0.1657727530387411,standard,0.010607829686463302
2013-05-13,small_flat,-0.017285070110459034,medium_uncertainty,-0.03457014022091807,standard,0.010934889231522901
2013-05-20,small_flat,-0.09426655956199355,medium_uncertainty,-0.1885331191239871,standard,0.011059286737219606
2013-05-21,small_flat,-0.15986098280916358,medium_uncertainty,-0.31972196561832716,standard,0.010579162125209804
2013-06-10,small_flat,-0.21956109001762653,medium_uncertainty,-0.43912218003525305,standard,0.01341974247349681
2013-06-11,small_bear,0.010897778879748325,medium_uncertainty,0.02179555775949665,standard,0.012985212239650101
2013-06-17,small_flat,-0.07075335228359486,medium_uncertainty,-0.14150670456718972,standard,0.011671596495623507
2013-06-24,small_flat,-0.1221039344286247,medium_uncertainty,-0.2442078688572494,standard,0.010896781378246498
2013-06-27,small_flat,-0.039391109148277606,medium_uncertainty,-0.07878221829655521,standard,0.012171787234731099
2013-07-01,small_flat,-0.22180745885584938,medium_uncertainty,-0.44361491771169875,standard,0.0136156658887681
2013-07-02,small_flat,-0.056577632140239274,medium_uncertainty,-0.11315526428047855,standard,0.014596812455665492
2013-07-12,small_flat,-0.1859009146890265,medium_uncertainty,-0.371801829378053,standard,0.01581479241936279
2013-07-29,small_flat,-0.2469101593790208,medium_uncertainty,-0.4938203187580416,standard,0.0168705247479983
2013-07-30,flattener,-0.11953976901825603,low_uncertainty,-0.5976988450912801,collect_carry,0.0158885053997449
2013-07-31,small_flat,-0.23234092198565262,medium_uncertainty,-0.46468184397130524,standard,0.0153588100420321
2013-08-01,flattener,-0.1193472982596608,low_uncertainty,-0.596736491298304,collect_carry,0.015267851100913207
2013-08-08,small_flat,-0.2172487242109827,medium_uncertainty,-0.4344974484219654,standard,0.016004313203816803
2013-08-09,flattener,-0.15838290521558712,low_uncertainty,-0.7919145260779356,collect_carry,0.015816102025139903
2013-11-18,small_flat,-0.23478028257716782,medium_uncertainty,-0.46956056515433564,standard,0.007246034947870197
2013-11-25,small_flat,-0.1666666976772383,medium_uncertainty,-0.3333333953544766,standard,0.010727195201243295
2013-12-02,small_flat,-0.09858691619293032,medium_uncertainty,-0.19717383238586064,standard,0.016789974667836993
2013-12-09,small_flat,-0.1619002820904774,medium_uncertainty,-0.3238005641809548,standard,0.0164624988645814
2014-02-07,flattener,-0.10051050111644222,low_uncertainty,-0.5025525055822111,collect_carry,0.009680548883416407
2014-02-10,small_flat,-0.22996311692673557,medium_uncertainty,-0.45992623385347114,standard,0.011485487772307693
2014-02-13,flattener,-0.10901001339839939,low_uncertainty,-0.5450500669919969,collect_carry,0.009547718804902905
2014-02-21,small_flat,-0.23442656923626293,medium_uncertainty,-0.46885313847252585,standard,0.012333810672631396
2014-02-28,small_flat,-0.1349369559326163,medium_uncertainty,-0.2698739118652326,standard,0.007285306853573703
2014-04-14,small_flat,-0.19034215572166688,medium_uncertainty,-0.38068431144333376,standard,0.0038476412629568912
2014-04-28,small_flat,-0.09796652451968495,medium_uncertainty,-0.1959330490393699,standard,0.0033467676295129006
2014-04-29,small_flat,-0.16601762072382908,medium_uncertainty,-0.33203524144765817,standard,0.004131653453439299
2014-05-05,small_flat,-0.22572862492700593,medium_uncertainty,-0.45145724985401187,standard,0.003705175965753593
2014-05-09,flattener,-0.1085525663298292,low_uncertainty,-0.542762831649146,collect_carry,0.0030016925365518865
2014-05-13,small_flat,-0.17148200278350229,medium_uncertainty,-0.34296400556700457,standard,0.0036698646101734067
2014-05-20,small_flat,-0.24140573920403066,medium_uncertainty,-0.4828114784080613,standard,0.004011132076450485
2014-06-02,flattener,-0.15677818366545462,low_uncertainty,-0.7838909183272731,collect_carry,0.0053229024525982965
2014-08-01,flattener,-0.10671973056542738,low_uncertainty,-0.5335986528271369,collect_carry,0.006920215550536402
2014-08-22,flattener,-0.15985956465899037,low_uncertainty,-0.7992978232949518,collect_carry,0.0016382778883171079
2014-08-25,flattener,-0.5,low_uncertainty,-1.5426317480233902,collect_carry,0.00026570950833500195
2014-08-29,flattener,-0.29741494284272413,low_uncertainty,-0.952874554497399,collect_carry,-0.0027589648470393996
2014-09-01,flattener,-0.19062484271796287,low_uncertainty,-0.9531242135898143,collect_carry,-0.006019752828594793
2014-09-26,small_flat,-0.06248857720804148,medium_uncertainty,-0.12497715441608297,standard,-0.0020441239379428017
2014-09-30,small_flat,-0.12127063237015999,medium_uncertainty,-0.24254126474031998,standard,-0.0019003151462761853
2014-10-09,small_flat,-0.22257231423327925,medium_uncertainty,-0.4451446284665585,standard,-0.007598853358510696
2014-10-14,small_flat,-0.06596784968445028,medium_uncertainty,-0.13193569936890057,standard,-0.008379776923208598
2014-10-20,small_flat,-0.11904310172523026,medium_uncertainty,-0.23808620345046053,standard,-0.008514262952923596
2014-11-03,small_bear,0.05346294883694069,medium_uncertainty,0.10692589767388137,standard,-0.004678336557586191
2014-11-04,small_flat,-0.009516820237400428,medium_uncertainty,-0.019033640474800856,standard,-0.0045190098331238104
2014-11-10,small_bear,0.058952349761668736,medium_uncertainty,0.11790469952333747,standard,-0.002915730259911903
2014-11-11,small_flat,-0.004831041722645363,medium_uncertainty,-0.009662083445290726,standard,-0.0029386687045553916
2014-11-13,bear_steepener,0.21152807785874772,high_uncertainty,0.5288201946468692,pay_spread,-0.0030784302677830944
2014-11-17,bear_steepener,0.2629304872187747,high_uncertainty,0.6573262180469367,pay_spread,-0.0019950239956366134
2014-12-15,small_bear,0.07871939888677439,medium_uncertainty,0.15743879777354877,standard,-0.0018059071837303875
2014-12-16,small_bear,0.143843904934836,medium_uncertainty,0.287687809869672,standard,-0.002920861221521298
2014-12-18,small_flat,-0.026955338884771758,medium_uncertainty,-0.053910677769543516,standard,-0.005669832014330911
2014-12-23,small_flat,-0.08921871250255196,medium_uncertainty,-0.17843742500510393,standard,-0.006956294611064784
2014-12-29,small_flat,-0.014656911401399596,medium_uncertainty,-0.02931382280279919,standard,-0.007492547092776483
2015-01-30,flattener,-0.3657324400386477,low_uncertainty,-0.7314648800772954,collect_carry,-0.008636598355878211
2015-02-03,flattener,-0.3014355881869367,low_uncertainty,-0.6028711763738734,collect_carry,-0.0079557421804142
2015-02-09,small_flat,-0.23580320725981216,medium_uncertainty,-0.4716064145196243,standard,-0.004313243134010714
2015-02-13,flattener,-0.31552686107028766,low_uncertainty,-0.6310537221405753,collect_carry,-0.009198745621464013
2015-02-18,flattener,-0.46304700488321804,low_uncertainty,-0.9260940097664361,collect_carry,-0.00734322603717219
2015-03-18,flattener,-0.35190223283044575,low_uncertainty,-1.4011382337265652,collect_carry,-0.00960971590068782
2015-03-19,flattener,-0.2,low_uncertainty,-1.2869480996036502,collect_carry,-0.007727166735026103
2015-03-31,small_flat,-0.12621719791595223,medium_uncertainty,-0.25243439583190447,standard,-0.006824029128629006
2015-04-02,small_flat,-0.18693671273501225,medium_uncertainty,-0.3738734254700245,standard,-0.006064348861188701
2015-04-09,small_flat,-0.12424837518844575,medium_uncertainty,-0.2484967503768915,standard,-0.0062078329738042
2015-04-13,small_flat,-0.07375760655608088,medium_uncertainty,-0.14751521311216176,standard,-0.0068137381235375966
2015-04-24,small_flat,-0.12393588327084014,medium_uncertainty,-0.24787176654168028,standard,-0.010822395862103401
2015-04-27,flattener,-0.38068171987090016,low_uncertainty,-0.7613634397418003,collect_carry,-0.009233381924793796
2015-05-04,flattener,-0.47727885438017514,low_uncertainty,-0.9545577087603503,collect_carry,-0.010180413898766894
2015-05-26,flattener,-0.18568105517975214,low_uncertainty,-0.9284052758987607,collect_carry,-0.01090926784181881
2015-07-22,flattener,-0.2559764122883662,low_uncertainty,-0.5119528245767324,collect_carry,-0.006970044410377796
2015-08-04,small_flat,-0.14696300136510462,medium_uncertainty,-0.29392600273020925,standard,-0.002545284835147099
2015-08-07,small_flat,-0.08451314289466044,medium_uncertainty,-0.16902628578932088,standard,-0.0032090226836072044
2015-08-11,small_flat,-0.14045669551429696,medium_uncertainty,-0.2809133910285939,standard,-0.0017999906766304197
2015-08-17,small_flat,-0.22748343011410127,medium_uncertainty,-0.45496686022820254,standard,0.0010253349098568176
2015-08-20,small_flat,-0.13574547337513057,medium_uncertainty,-0.27149094675026114,standard,0.0036353721570070163
2015-08-27,small_flat,-0.1908342841630284,medium_uncertainty,-0.3816685683260568,standard,0.003234086354464011
2015-08-31,small_flat,-0.08618372068900802,medium_uncertainty,-0.17236744137801605,standard,0.0015823437929577966
2015-09-03,small_bear,0.017329289134616215,medium_uncertainty,0.03465857826923243,standard,-0.00026183001538251927
2015-09-04,small_bear,0.12103235909535255,medium_uncertainty,0.2420647181907051,standard,-0.00022433813685229786
2015-09-10,small_bear,0.005944754633025517,medium_uncertainty,0.011889509266051035,standard,-0.003317326225039219
2015-09-11,small_bear,0.12337130528332475,medium_uncertainty,0.2467426105666495,standard,-0.0014399195412382049
2015-09-28,small_bear,0.2224274450845165,medium_uncertainty,0.444854890169033,standard,-0.0026284864355060056
2015-10-08,small_bear,0.10631144062583554,medium_uncertainty,0.2126228812516711,standard,-0.0017076442774427159
2015-10-19,small_bear,0.17146367891739883,medium_uncertainty,0.34292735783479766,standard,0.0001567549520821998
2015-10-22,small_bear,0.1207363169967257,medium_uncertainty,0.2414726339934514,standard,0.001975500692960097
2015-11-04,small_bear,0.1814822326510424,medium_uncertainty,0.3629644653020848,standard,-0.003359799780294326
2015-11-13,small_bear,0.2448552738936578,medium_uncertainty,0.4897105477873156,standard,-0.005574981220215297
2015-11-16,bear_steepener,0.6945760848643604,high_uncertainty,0.6945760848643604,pay_spread,-0.005433991203766503
2015-11-23,bear_steepener,0.8055764442346666,high_uncertainty,0.8092597036065639,pay_spread,-0.002162727902344397
2015-11-24,bear_steepener,0.726368028805701,high_uncertainty,0.8080981913938762,pay_spread,-0.0034569255240145813
2015-11-25,bear_steepener,0.6636364022437566,high_uncertainty,0.8069372226480538,pay_spread,-0.0017543920429146098
2015-11-26,bear_steepener,0.5620429109671826,high_uncertainty,0.7360900415638664,pay_spread,-0.005327066585035289
2015-11-30,bear_steepener,0.6510643879277698,high_uncertainty,0.9409174036260501,pay_spread,-0.005141882807984305
2015-12-01,bear_steepener,0.7248578332461918,high_uncertainty,0.9396890024470885,pay_spread,-0.006849464000448197
2015-12-02,bear_steepener,0.8095006206055977,high_uncertainty,0.8687720327528109,pay_spread,-0.0067269924150157034
2015-12-03,bear_steepener,0.8675821649012402,high_uncertainty,0.8675821649012402,pay_spread,-0.008213230939618982
2015-12-04,bear_steepener,0.7863823524986172,high_uncertainty,0.7863823524986172,pay_spread,-0.008865875256445
2015-12-07,bear_steepener,0.9284532930515343,high_uncertainty,0.9284532930515343,pay_spread,-0.007587725849750482
2015-12-08,bear_steepener,0.8665065979352745,high_uncertainty,0.8665065979352745,pay_spread,-0.008470268126475
2015-12-09,bear_steepener,0.795419993986448,high_uncertainty,0.795419993986448,pay_spread,-0.007749215101492596
2015-12-14,bear_steepener,0.7226143709069208,high_uncertainty,0.7226143709069208,pay_spread,-0.009762863974969394
2015-12-17,bear_steepener,0.5812803948100098,high_uncertainty,0.5812803948100098,pay_spread,-0.00664971824709501
2015-12-21,bear_steepener,0.6446847303902989,high_uncertainty,0.6446847303902989,pay_spread,-0.0056434719917692056
2015-12-22,bear_steepener,0.5069234988517695,high_uncertainty,0.5069234988517695,pay_spread,-0.003916217434032199
2015-12-23,small_bear,0.184972369629713,medium_uncertainty,0.369944739259426,standard,-0.002774147877470101
2016-01-29,bear_steepener,0.8976941514654956,high_uncertainty,0.8976941514654956,pay_spread,0.013432290820634796
2016-02-03,bear_steepener,0.83492829021425,high_uncertainty,0.83492829021425,pay_spread,0.012911184468484799
2016-02-04,bear_steepener,0.8854574282833235,high_uncertainty,0.8854574282833235,pay_spread,0.01289105826150902
2016-02-10,bear_steepener,0.4,high_uncertainty,1.8067666330284198,pay_spread,0.013210240683909413
2016-04-29,bear_steepener,0.6752135732647405,high_uncertainty,3.7908116284552857,pay_spread,0.0010170711949732958
2016-05-02,bear_steepener,1.0,high_uncertainty,3.479430195545418,pay_spread,-0.0008063409444043074
2016-05-16,bear_steepener,0.829980947075292,high_uncertainty,2.732216566738505,pay_spread,-0.0009379019042362879
2016-05-17,bear_steepener,0.4,high_uncertainty,2.7259866222918734,pay_spread,-0.0005975368110219953
2016-07-20,bear_steepener,0.7049750505991057,high_uncertainty,2.033362216963216,pay_spread,-0.0022179680870342
2016-07-21,bear_steepener,0.9491416530343947,high_uncertainty,2.030138523492232,pay_spread,-0.004221346941224904
2016-07-22,bear_steepener,1.0,high_uncertainty,2.0269224247292694,pay_spread,-0.004406491394867401
2016-07-26,bear_steepener,0.9025939785315363,high_uncertainty,2.017161898775924,pay_spread,-0.0036830650482226057
2016-07-27,bear_steepener,0.5337940505768819,high_uncertainty,2.0139748606796726,pay_spread,-0.0036759698799964102
2016-07-28,bear_steepener,0.4,high_uncertainty,2.0107952164038014,pay_spread,-0.004431832723507695
2016-08-18,bear_steepener,0.3412383643247618,high_uncertainty,0.8530959108119044,pay_spread,-0.002705901212574302
2016-08-22,bear_steepener,0.4,high_uncertainty,1.2983608950922458,pay_spread,-0.0021645257404862978
2016-08-29,bear_steepener,0.814791970479688,high_uncertainty,1.3878043805428966,pay_spread,-0.0008165634210104966
2016-08-30,bear_steepener,1.0,high_uncertainty,1.3860393872520347,pay_spread,0.0008693621078384034
2016-09-22,bear_steepener,0.7507068178800278,high_uncertainty,0.7507068178800278,pay_spread,0.0044779678613265095
2016-09-23,bear_steepener,0.8090808175187898,high_uncertainty,0.8090808175187898,pay_spread,0.004695399813802195
2016-09-26,bear_steepener,1.0,high_uncertainty,1.0225398025871528,pay_spread,0.004674912444603899
2016-10-19,bear_steepener,0.9432538235980237,high_uncertainty,1.5867713906273424,pay_spread,-5.4664362291595436e-05
2016-10-20,bear_steepener,0.4,high_uncertainty,1.7539136487951188,pay_spread,-0.0024549322193355982
2016-11-03,bear_steepener,0.5730908001508535,high_uncertainty,1.3004946121452525,pay_spread,0.0010860927462190972
2016-11-04,bear_steepener,0.6946924653161033,high_uncertainty,1.298496025451669,pay_spread,0.0004260315794308994
2016-11-07,bear_steepener,0.8728490408209995,high_uncertainty,1.3720781456076059,pay_spread,-0.00035759256934890515
2016-11-08,bear_steepener,1.0,high_uncertainty,1.6377637840799115,pay_spread,-0.0003953275345317947
2016-11-11,bear_steepener,0.6825085296595761,high_uncertainty,1.353822622190625,pay_spread,0.006957845622634198
2016-11-14,bear_steepener,0.4,high_uncertainty,1.082468849535046,pay_spread,0.008385748387579689
2016-11-21,bear_steepener,0.33259873011190505,high_uncertainty,0.8314968252797625,pay_spread,0.007431634986748495
2016-11-22,bear_steepener,0.6526121881271572,high_uncertainty,1.8425658807461887,pay_spread,0.008288239132459504
2016-11-23,bear_steepener,0.827184506626062,high_uncertainty,1.9381645797801386,pay_spread,0.008154851059607005
2016-11-28,bear_steepener,0.4,high_uncertainty,2.232954142357878,pay_spread,0.009615396738676701
2016-12-20,bear_steepener,0.7388757920367975,high_uncertainty,2.111393504033076,pay_spread,0.013468751186608702
2016-12-21,bear_steepener,1.0,high_uncertainty,2.17074630349406,pay_spread,0.011632129907266392
2017-03-31,bear_steepener,0.8367320920504968,high_uncertainty,2.2169154977638983,pay_spread,0.012402224472794807
2017-04-03,bear_steepener,0.4,high_uncertainty,1.9125414988509648,pay_spread,0.0115282906502268
2017-05-15,bear_steepener,0.33164252688485185,high_uncertainty,0.8291063172121296,pay_spread,0.0186597869325429
2017-05-16,bear_steepener,0.2775849797966234,high_uncertainty,0.6939624494915585,pay_spread,0.0175351551820834
2017-05-19,small_bear,0.1419602793300358,medium_uncertainty,0.2839205586600716,standard,0.023740592854234507
2017-06-02,small_bear,0.19481103227299232,medium_uncertainty,0.38962206454598464,standard,0.020227726403443794
2017-06-06,small_bear,0.013931387450636108,medium_uncertainty,0.027862774901272216,standard,0.022515029023184197
2017-06-09,small_flat,-0.07493163210477408,medium_uncertainty,-0.14986326420954815,standard,0.02345805452247711
2017-06-13,bear_steepener,0.2635674638164249,high_uncertainty,0.6589186595410622,pay_spread,0.022770191483995506
2017-06-19,bear_steepener,0.3860095019639142,high_uncertainty,0.9650237549097854,pay_spread,0.021019138999369497
2017-06-30,bear_steepener,0.2967229336818277,high_uncertainty,0.7418073342045693,pay_spread,0.023794863075151607
2017-07-12,bear_steepener,0.7132448596269031,high_uncertainty,0.8369920469127273,pay_spread,0.023225256444583703
2017-07-13,bear_steepener,1.0,high_uncertainty,1.027313516064048,pay_spread,0.0240308132949527
2017-07-18,bear_steepener,0.9196355655575688,high_uncertainty,0.9196355655575688,pay_spread,0.023021463336541703
2017-07-20,bear_steepener,0.7059692689814554,high_uncertainty,0.7059692689814554,pay_spread,0.024403370216219106
2017-07-28,bear_steepener,1.0,high_uncertainty,1.0209481724105678,pay_spread,0.0259683425099842
2017-08-17,bear_steepener,0.8193041967786697,high_uncertainty,1.0548072457107356,pay_spread,0.026333069107125906
2017-08-18,bear_steepener,0.4,high_uncertainty,1.2235952364453493,pay_spread,0.025593139988569602
2017-08-29,bear_steepener,0.7735508996487579,high_uncertainty,1.475913038410161,pay_spread,0.028154812080102898
2017-08-30,bear_steepener,1.0,high_uncertainty,1.2840824532113018,pay_spread,0.028101514837937505
2017-09-08,bear_steepener,0.8946182932891221,high_uncertainty,0.8946182932891221,pay_spread,0.024126652964247597
2017-09-14,bear_steepener,1.0,high_uncertainty,1.2136970974936032,pay_spread,0.0247567307926415
2017-09-20,bear_steepener,0.8774095048491429,high_uncertainty,1.181975490313133,pay_spread,0.026744267742389388
2017-09-21,bear_steepener,0.30244924351318103,high_uncertainty,0.7561231087829525,pay_spread,0.026744284679143998
2017-10-02,small_bear,0.14014711657821557,medium_uncertainty,0.28029423315643115,standard,0.028002809334226594
2017-10-03,small_bear,0.19800795452516626,medium_uncertainty,0.3960159090503325,standard,0.0279734466709069
2017-10-09,small_bear,0.14265398405515264,medium_uncertainty,0.2853079681103053,standard,0.0278688677305607
2017-10-18,small_bear,0.22259151926124057,medium_uncertainty,0.44518303852248114,standard,0.0271987114496704
2017-10-20,bear_steepener,0.36402975730637427,high_uncertainty,0.5057734869418176,pay_spread,0.026542886340035196
2017-10-23,bear_steepener,0.50996907753258,high_uncertainty,0.50996907753258,pay_spread,0.026738343127548303
2017-11-03,small_bear,0.07351622391998866,medium_uncertainty,0.14703244783997732,standard,0.03269214165438131
2017-11-09,bear_steepener,0.5172081693169082,high_uncertainty,0.5172081693169082,pay_spread,0.0295195276782685
2017-11-21,small_bear,0.2203097464756526,medium_uncertainty,0.4406194929513052,standard,0.030295502627779095
2017-11-22,small_bear,0.1369884231717747,medium_uncertainty,0.2739768463435494,standard,0.0302933590278274
2017-11-28,small_flat,-0.0814392537243033,medium_uncertainty,-0.1628785074486066,standard,0.03251236198834209
2017-12-01,small_flat,-0.21631125229500878,medium_uncertainty,-0.43262250459001755,standard,0.033965368702042906
2017-12-11,small_flat,-0.1329596746702132,medium_uncertainty,-0.2659193493404264,standard,0.03412904641403561
2017-12-28,small_bear,0.042546281172373086,medium_uncertainty,0.08509256234474617,standard,0.0343977905376327
2018-01-22,bear_steepener,0.2597432640594816,high_uncertainty,0.6493581601487041,pay_spread,0.027602169685341196
2018-02-20,bear_steepener,0.5076024745617163,high_uncertainty,0.5076024745617163,pay_spread,0.03136691100224499
2018-02-22,bear_steepener,0.5601591460510152,high_uncertainty,0.5601591460510152,pay_spread,0.029695232403756003
2018-02-26,small_bear,0.1458149052986911,medium_uncertainty,0.2916298105973822,standard,0.0270784696597864
2018-03-12,small_bear,0.2200586187901239,medium_uncertainty,0.4401172375802478,standard,0.031163567324276498
2018-03-19,bear_steepener,0.6080834191520245,high_uncertainty,0.6080834191520245,pay_spread,0.027363858687792397
2018-03-20,small_bear,0.24666892192501416,medium_uncertainty,0.4933378438500283,standard,0.027708936946873097
2018-03-22,bear_steepener,0.5431373798641884,high_uncertainty,0.5431373798641884,pay_spread,0.02916105221338519
2018-03-23,bear_steepener,0.6167127420154668,high_uncertainty,0.6167127420154668,pay_spread,0.030448623524858193
2018-03-26,small_bear,0.0778098762090384,medium_uncertainty,0.1556197524180768,standard,0.030461531616342505
2018-04-02,small_flat,-0.009476675270486939,medium_uncertainty,-0.018953350540973878,standard,0.030943063456739098
2018-04-04,small_flat,-0.08097277590467665,medium_uncertainty,-0.1619455518093533,standard,0.03214425136970331
2018-04-09,small_bear,0.0698097135738831,medium_uncertainty,0.1396194271477662,standard,0.03313088847801411
2018-04-19,small_flat,-0.009340460723701637,medium_uncertainty,-0.018680921447403274,standard,0.0338258117162987
2018-05-02,small_bear,0.04127264280975364,medium_uncertainty,0.08254528561950727,standard,0.0336324209057533
2018-05-09,small_flat,-0.010704043093849036,medium_uncertainty,-0.021408086187698072,standard,0.034588601981300496
2018-05-10,small_flat,-0.09779451609846963,medium_uncertainty,-0.19558903219693927,standard,0.032700549657167594
2018-05-11,small_bear,0.0017881148623206157,medium_uncertainty,0.0035762297246412313,standard,0.0328684039013722
2018-05-17,small_bear,0.05576261856834154,medium_uncertainty,0.11152523713668308,standard,0.029949337737595894
2018-05-21,small_bear,0.11168821625740594,medium_uncertainty,0.22337643251481187,standard,0.0344472465944526
2018-06-07,small_bear,0.18945865635124615,medium_uncertainty,0.3789173127024923,standard,0.03317792437340268
2018-06-08,bear_steepener,0.2568528034256162,high_uncertainty,0.6421320085640405,pay_spread,0.029164991762556103
2018-06-22,bear_steepener,0.37084219915520267,high_uncertainty,0.702666104629241,pay_spread,0.0307448237234121
2018-06-25,bear_steepener,0.48747567605546127,high_uncertainty,0.7102729689772423,pay_spread,0.031009649650129298
2018-06-26,bear_steepener,0.5966724963536448,high_uncertainty,0.7127148467462049,pay_spread,0.031437230746060404
2018-06-27,bear_steepener,0.6989514076060253,high_uncertainty,0.7151561202685611,pay_spread,0.030102025963890597
2018-06-29,bear_steepener,0.6030366230329196,high_uncertainty,0.6030366230329196,pay_spread,0.031034262116949887
2018-07-06,bear_steepener,0.5004867249434537,high_uncertainty,0.5004867249434537,pay_spread,0.02856419544925569
2018-07-20,bear_steepener,0.5577858162658303,high_uncertainty,0.5577858162658303,pay_spread,0.027011665511333494
2018-07-30,bear_steepener,0.7893800853990781,high_uncertainty,0.7893800853990781,pay_spread,0.02997985872889239
2018-07-31,bear_steepener,0.6734439695635124,high_uncertainty,0.6734439695635124,pay_spread,0.03125625026496359
2018-08-06,bear_steepener,0.7455511263974769,high_uncertainty,0.7455511263974769,pay_spread,0.029250516891672698
2018-08-07,bear_steepener,0.6295888306631843,high_uncertainty,0.6295888306631843,pay_spread,0.0275829285272009
2018-08-09,bear_steepener,0.6929381522962617,high_uncertainty,0.6929381522962617,pay_spread,0.03041704375737471
2018-08-10,small_bear,0.2473858741154874,medium_uncertainty,0.4947717482309748,standard,0.03007521705488099
2018-08-13,bear_steepener,0.6791536521694945,high_uncertainty,0.6791536521694945,pay_spread,0.030435059302270792
2018-08-20,small_bear,0.21356190344166487,medium_uncertainty,0.42712380688332974,standard,0.03393971650083309
2018-08-22,bear_steepener,0.5820969729258489,high_uncertainty,0.5820969729258489,pay_spread,0.034158745571360394
2018-08-23,bear_steepener,0.6435222895474169,high_uncertainty,0.6435222895474169,pay_spread,0.033572512178759506
2018-09-13,bear_steepener,0.5569496940178386,high_uncertainty,0.5569496940178386,pay_spread,0.0364065828323126
2018-09-14,small_bear,0.23806405032385247,medium_uncertainty,0.47612810064770494,standard,0.0351026678684174
2018-09-17,bear_steepener,0.5841862546164901,high_uncertainty,0.5841862546164901,pay_spread,0.03531088767840719
2018-09-18,bear_steepener,0.5273395725579001,high_uncertainty,0.5273395725579001,pay_spread,0.03459729168651339
2018-09-21,small_bear,0.2161817425402336,medium_uncertainty,0.4323634850804672,standard,0.03229252968171631
2018-10-08,bear_steepener,1.0,high_uncertainty,1.0267918809513008,pay_spread,0.0260752824597712
2018-10-09,bear_steepener,0.9027483316023822,high_uncertainty,1.0299302486978434,pay_spread,0.027656321635828998
2018-10-10,bear_steepener,0.5947703391775697,high_uncertainty,1.0330669729758315,pay_spread,0.0269846589281246
2018-10-11,bear_steepener,0.4,high_uncertainty,1.0362020448600266,pay_spread,0.028812901893371295
2018-11-09,bear_steepener,0.6972008145768289,high_uncertainty,1.4731544785898882,pay_spread,0.027645283321266104
2018-11-12,bear_steepener,1.0,high_uncertainty,1.3650203661942302,pay_spread,0.029043090901720303
2019-02-22,bear_steepener,0.9015853653555428,high_uncertainty,1.0875458780586449,pay_spread,0.023674994585027198
2019-02-26,bear_steepener,0.8209320848389257,high_uncertainty,1.0908131170042838,pay_spread,0.023368135703032894
2019-03-01,bear_steepener,0.7675621777563264,high_uncertainty,1.0928126406304277,pay_spread,0.023474272116490905
2019-03-06,bear_steepener,0.47097158155659297,high_uncertainty,0.6901140575721839,pay_spread,0.023653327483980108
2019-03-07,bear_steepener,0.7283186917673213,high_uncertainty,0.9644528080907092,pay_spread,0.023567184444338404
2019-03-11,bear_steepener,0.8277788036371627,high_uncertainty,0.9117258803869761,pay_spread,0.02237026137544791
2019-03-12,bear_steepener,0.9131271529376419,high_uncertainty,0.9131271529376419,pay_spread,0.022079251955609003
2019-03-14,bear_steepener,1.0,high_uncertainty,1.0334424823835238,pay_spread,0.023055630949645897
2019-04-08,bear_steepener,0.9288210280757664,high_uncertainty,0.9288210280757664,pay_spread,0.023165093155099112
2019-04-11,bear_steepener,1.0,high_uncertainty,1.1914049821077033,pay_spread,0.0216649798373654
2019-05-13,bear_steepener,0.20717467337618203,high_uncertainty,0.5179366834404551,pay_spread,0.022046924965527
2019-05-16,small_bear,0.1569138750785544,medium_uncertainty,0.3138277501571088,standard,0.023174799321237005
2019-05-17,bear_steepener,0.3869268867945075,high_uncertainty,0.9673172169862686,pay_spread,0.023110930088168002
2019-05-20,bear_steepener,0.31705523298194227,high_uncertainty,0.7926380824548557,pay_spread,0.023388289724989297
2019-05-22,bear_steepener,0.4173152297045344,high_uncertainty,0.7932833665319297,pay_spread,0.0230040436910144
2019-05-23,bear_steepener,0.4991999319379519,high_uncertainty,0.7936059282186563,pay_spread,0.023486912405318694
2019-05-24,bear_steepener,0.5602814297429416,high_uncertainty,0.7939284362846988,pay_spread,0.024019031107811006
2019-05-28,bear_steepener,0.6630729941005594,high_uncertainty,0.7955370208587325,pay_spread,0.023529432902360994
2019-05-29,bear_steepener,0.7364825113813747,high_uncertainty,0.7958590233992472,pay_spread,0.0226440331687736
2019-05-30,bear_steepener,0.7961809720951228,high_uncertainty,0.7961809720951228,pay_spread,0.022153310502582402
2019-06-04,bear_steepener,0.9740914797922622,high_uncertainty,0.9740914797922622,pay_spread,0.019765925727919006
2019-06-10,bear_steepener,0.8587164494809152,high_uncertainty,0.8587164494809152,pay_spread,0.020760489987373197
2019-06-11,bear_steepener,0.5750221984397705,high_uncertainty,0.8590151795775068,pay_spread,0.02034230194129981
2019-06-12,bear_steepener,0.4,high_uncertainty,1.205000348689677,pay_spread,0.0202843994983855
2019-06-14,bear_steepener,0.8093878867203064,high_uncertainty,1.264486500717756,pay_spread,0.021645028013719196
2019-06-17,bear_steepener,0.9276417108977071,high_uncertainty,0.9276417108977071,pay_spread,0.021645028013719196
2019-06-21,bear_steepener,0.848420262586023,high_uncertainty,0.848420262586023,pay_spread,0.019553240166801295
2019-06-28,bear_steepener,0.9558061646519646,high_uncertainty,1.3624019722782912,pay_spread,0.0181983632999088
2019-07-01,bear_steepener,0.856623601215544,high_uncertainty,1.3638528759555235,pay_spread,0.0182349465799872
2019-07-04,bear_steepener,0.9141843572732866,high_uncertainty,1.3643464052960248,pay_spread,0.018045483929151104
2019-07-10,bear_steepener,0.7064576909603215,high_uncertainty,1.3384511040206566,pay_spread,0.017812883321673502
2019-07-12,bear_steepener,0.5677771047596639,high_uncertainty,1.5423013118080657,pay_spread,0.017768552200316597
2019-07-15,bear_steepener,0.4,high_uncertainty,1.633588989380283,pay_spread,0.0185191516749452
2019-07-26,bear_steepener,0.541640016225491,high_uncertainty,1.7528543899180054,pay_spread,0.019515056028948097
2019-07-29,bear_steepener,1.0,high_uncertainty,1.2636295407593823,pay_spread,0.019791167663364605
2019-08-08,bear_steepener,0.5238564130865713,high_uncertainty,1.0940087314779323,pay_spread,0.019783758639674305
2019-08-09,bear_steepener,0.4,high_uncertainty,1.0724243532620505,pay_spread,0.019758143598061002
2019-08-26,bear_steepener,0.726141993902879,high_uncertainty,1.0055968691256116,pay_spread,0.019719344769529107
2019-08-27,bear_steepener,1.0,high_uncertainty,1.0071122924559226,pay_spread,0.019676411551210395
2019-12-02,bear_steepener,0.9094016234706415,high_uncertainty,0.9094016234706415,pay_spread,0.018260920691951503
2019-12-09,bear_steepener,0.21199922605531715,high_uncertainty,0.5299980651382928,pay_spread,0.018814752741815197
2019-12-19,bear_steepener,0.9350590496014688,high_uncertainty,1.1286278577946127,pay_spread,0.020615662700859204
2019-12-20,bear_steepener,1.0,high_uncertainty,1.1299203353835807,pay_spread,0.0197586521975643
2019-12-30,bear_steepener,0.8380115787010157,high_uncertainty,1.3188292897799043,pay_spread,0.018285921546098705
2020-01-02,bear_steepener,0.4,high_uncertainty,1.440255418097738,pay_spread,0.018617032052462804
2020-01-20,bear_steepener,0.7659540892007745,high_uncertainty,1.4077554600233624,pay_spread,0.020908667309944805
2020-01-21,bear_steepener,1.0,high_uncertainty,1.4090078698933446,pay_spread,0.02139673775006319
2020-02-05,bear_steepener,0.8417106322451838,high_uncertainty,0.8494403992174762,pay_spread,0.0185598708694448
2020-02-07,bear_steepener,0.7807244642009515,high_uncertainty,0.8525930217963467,pay_spread,0.0203390108784371
2020-02-12,bear_steepener,0.7149114137519093,high_uncertainty,0.8608142618397266,pay_spread,0.019896589437788798
2020-02-13,bear_steepener,0.6546282114890088,high_uncertainty,0.9718061177416216,pay_spread,0.020206551964835104
2020-02-14,bear_steepener,0.38926946444319044,high_uncertainty,0.9731736611079761,pay_spread,0.0199072640132043
2020-02-17,bear_steepener,0.28993415436068537,high_uncertainty,0.7248353859017134,pay_spread,0.0200215322383828
2020-02-18,small_flat,-0.13552034266708318,medium_uncertainty,-0.27104068533416636,standard,0.0202951730820393
2020-02-26,flattener,-0.2726455349310764,low_uncertainty,-0.5452910698621528,collect_carry,0.02237170220452981
2020-02-27,small_bear,0.08164246562236288,medium_uncertainty,0.16328493124472576,standard,0.022409410519098998
2020-03-02,small_bear,0.14052587839968292,medium_uncertainty,0.28105175679936584,standard,0.024339069737125303
2020-03-04,small_bear,0.2231376053524039,medium_uncertainty,0.4462752107048078,standard,0.024183787505571694
2020-03-05,small_bear,0.17007341838266915,medium_uncertainty,0.3401468367653383,standard,0.024282156326397297
2020-03-09,small_bear,0.11237271502669888,medium_uncertainty,0.22474543005339775,standard,0.027060916806826797
2020-03-27,bear_steepener,0.6278879064916182,high_uncertainty,0.6278879064916182,pay_spread,0.03936587749610031
2020-03-30,small_bear,0.11644874569677534,medium_uncertainty,0.23289749139355068,standard,0.040455116351744605
2020-04-06,small_flat,-0.13197816348305502,medium_uncertainty,-0.26395632696611004,standard,0.0465210813729275
2020-04-09,small_bear,0.17526844236552483,medium_uncertainty,0.35053688473104966,standard,0.044094340663520096
2020-04-13,bear_steepener,0.5216935893915001,high_uncertainty,0.5216935893915001,pay_spread,0.044363072953018196
2020-04-14,small_bear,0.2005150790631733,medium_uncertainty,0.4010301581263466,standard,0.04259662385558511
2020-04-15,bear_steepener,0.5049616589567263,high_uncertainty,0.5049616589567263,pay_spread,0.0408584159732488
2020-04-16,bear_steepener,0.5860362293108459,high_uncertainty,0.5860362293108459,pay_spread,0.038418714794737505
2020-04-17,bear_steepener,0.5239601512291748,high_uncertainty,0.5239601512291748,pay_spread,0.039611383965990996
2020-04-23,bear_steepener,0.5793431875259981,high_uncertainty,0.5793431875259981,pay_spread,0.045213007071218
2020-04-24,small_flat,-0.03296653962289237,medium_uncertainty,-0.06593307924578475,standard,0.054193643370728406
2020-04-27,small_bear,0.024340793694422318,medium_uncertainty,0.048681587388844635,standard,0.048911650307477995
2020-04-29,flattener,-0.3275434145227218,low_uncertainty,-0.6550868290454436,collect_carry,0.0424510118095516
2020-04-30,small_flat,-0.23020633586195582,medium_uncertainty,-0.46041267172391165,standard,0.0442198819791555
2020-05-13,small_bear,0.0012043519050482017,medium_uncertainty,0.0024087038100964035,standard,0.0497844896632635
2020-05-22,small_bear,0.1924848353032649,medium_uncertainty,0.3849696706065298,standard,0.0450126683460456
2020-06-12,bear_steepener,0.39170981261148824,high_uncertainty,0.9792745315287206,pay_spread,0.038222356577261196
2020-06-15,small_bear,0.2444663387852439,medium_uncertainty,0.4889326775704878,standard,0.0387201643207411
2020-06-22,bear_steepener,0.595902737521827,high_uncertainty,0.595902737521827,pay_spread,0.0404984761397296
2020-07-06,small_bear,0.24130679532209745,medium_uncertainty,0.4826135906441949,standard,0.0368989187679434
2020-07-13,small_flat,-0.11149558213953131,medium_uncertainty,-0.22299116427906263,standard,0.0347481995372219
2020-07-29,small_flat,-0.03756760656326324,medium_uncertainty,-0.07513521312652648,standard,0.0370341429653109
2020-08-12,small_flat,-0.10310548246716887,medium_uncertainty,-0.20621096493433774,standard,0.0405449518167109
2020-08-14,small_flat,-0.18778973484292621,medium_uncertainty,-0.37557946968585243,standard,0.04181418012584891
2020-08-17,small_flat,-0.04417878957695128,medium_uncertainty,-0.08835757915390256,standard,0.0437652788768031
2020-08-24,small_bear,0.055482485854207814,medium_uncertainty,0.11096497170841563,standard,0.0417503294602906
2020-08-28,small_flat,-0.005809731735139106,medium_uncertainty,-0.011619463470278212,standard,0.041415669815217694
2020-09-01,small_bear,0.18706192193737467,medium_uncertainty,0.37412384387474934,standard,0.04155501959436699
2020-09-04,small_bear,0.053828278472579906,medium_uncertainty,0.10765655694515981,standard,0.040704165082883
2020-09-17,small_flat,-0.2021218005607836,medium_uncertainty,-0.4042436011215672,standard,0.0427418794988663
2020-09-25,flattener,-0.2613100028325637,low_uncertainty,-0.5226200056651275,collect_carry,0.044892818817884
2020-10-09,flattener,-0.3247771380274118,low_uncertainty,-0.6495542760548236,collect_carry,0.0410004814332738
2020-10-13,small_flat,-0.23822807240949967,medium_uncertainty,-0.47645614481899934,standard,0.0390504099586995
2020-10-14,small_flat,-0.14998791957015725,medium_uncertainty,-0.2999758391403145,standard,0.039826797136770696
2020-10-19,small_flat,-0.08766335652804715,medium_uncertainty,-0.1753267130560943,standard,0.038214752619237596
2020-10-22,small_flat,-0.20235329627766574,medium_uncertainty,-0.4047065925553315,standard,0.03774089350533791
2020-10-23,small_flat,-0.029256213308909235,medium_uncertainty,-0.05851242661781847,standard,0.0348339608959745
2020-10-30,small_bear,0.09454773881826922,medium_uncertainty,0.18909547763653844,standard,0.0352166524823703
2020-11-03,small_flat,-0.05946422971594353,medium_uncertainty,-0.11892845943188705,standard,0.0354491530403102
2020-11-12,small_flat,-0.13630517565670355,medium_uncertainty,-0.2726103513134071,standard,0.0351642952322931
2020-11-17,small_flat,-0.19516438867379865,medium_uncertainty,-0.3903287773475973,standard,0.0352975725424083
2020-11-20,small_flat,-0.09771488669798123,medium_uncertainty,-0.19542977339596246,standard,0.036725781853103094
2020-12-10,small_bear,0.017375697769584614,medium_uncertainty,0.03475139553916923,standard,0.0296193602570265
2020-12-14,small_bear,0.16397057485578564,medium_uncertainty,0.3279411497115713,standard,0.029555949440798396
2020-12-15,small_bear,0.22202481185988862,medium_uncertainty,0.44404962371977724,standard,0.029346478710105192
2020-12-18,bear_steepener,0.3160439290585064,high_uncertainty,0.7901098226462661,pay_spread,0.028220603039157494
2020-12-21,small_bear,0.1888690858457699,medium_uncertainty,0.3777381716915398,standard,0.02787814518587601
2021-01-07,bear_steepener,0.24871587824067143,high_uncertainty,0.6217896956016785,pay_spread,0.028010912570150405
2021-01-13,bear_steepener,0.4,high_uncertainty,1.4079584149565292,pay_spread,0.0274795453349534
2021-02-10,bear_steepener,0.5856923108294882,high_uncertainty,1.6964131333631443,pay_spread,0.0255003080501024
2021-02-11,bear_steepener,0.9405066788600698,high_uncertainty,1.5443328342699258,pay_spread,0.026388930233052707
2021-02-12,bear_steepener,1.0,high_uncertainty,1.6026290720171823,pay_spread,0.026843132070231104
2021-02-18,bear_steepener,0.9481625335159443,high_uncertainty,1.4493673499108926,pay_spread,0.025769209166276195
2021-02-19,bear_steepener,0.5769847934293196,high_uncertainty,1.0335215334346701,pay_spread,0.0261377808865113
2021-02-22,bear_steepener,0.21922249515879458,high_uncertainty,0.5480562378969864,pay_spread,0.0257590175948963
2021-03-01,bear_steepener,0.3106233117165374,high_uncertainty,0.7765582792913435,pay_spread,0.025482894411306606
2021-03-10,bear_steepener,0.368278180324923,high_uncertainty,0.9206954508123074,pay_spread,0.023657370940757094
2021-03-15,bear_steepener,0.7097359795256497,high_uncertainty,1.2328902961963253,pay_spread,0.017051675708665698
2021-03-16,bear_steepener,0.9950104856690692,high_uncertainty,1.2314099212704828,pay_spread,0.017606829189853207
2021-03-22,bear_steepener,0.8936988638442206,high_uncertainty,0.8936988638442206,pay_spread,0.0191934469643327
2021-03-26,bear_steepener,1.0,high_uncertainty,1.0928904968879132,pay_spread,0.021409426194105796
2021-04-05,bear_steepener,0.6123962954410331,high_uncertainty,1.136406285220532,pay_spread,0.023088235177713898
2021-04-06,bear_steepener,0.4,high_uncertainty,2.3924742461287467,pay_spread,0.02340511373461339
2021-05-07,bear_steepener,0.2920357934010855,high_uncertainty,0.7300894835027136,pay_spread,0.017605417031486298
2021-05-13,bear_steepener,0.35303680618099026,high_uncertainty,0.8825920154524756,pay_spread,0.017998089859941002
2021-06-07,small_bear,0.1830344024370798,medium_uncertainty,0.3660688048741596,standard,0.0120251600801866
2021-06-09,small_bear,0.13195153433747397,medium_uncertainty,0.26390306867494795,standard,0.0112112928078318
2021-06-11,bear_steepener,0.892979550208711,high_uncertainty,1.1690032352439743,pay_spread,0.011684992951351406
2021-06-14,bear_steepener,1.0,high_uncertainty,1.242236698864276,pay_spread,0.010525086000309894
2021-06-23,bear_steepener,0.934482014653118,high_uncertainty,0.934482014653118,pay_spread,0.008362185132033906
2021-06-28,bear_steepener,1.0,high_uncertainty,1.2157284656482716,pay_spread,0.010674558929234093
2021-07-05,bear_steepener,0.5352363177551256,high_uncertainty,0.8606466412746671,pay_spread,0.011588793681288609
2021-07-06,bear_steepener,0.34365079826863165,high_uncertainty,0.8591269956715791,pay_spread,0.011061742216911502
2021-07-12,small_bear,0.22175931684693867,medium_uncertainty,0.44351863369387734,standard,0.010777038507077397
2021-07-16,small_bear,0.16469439820967302,medium_uncertainty,0.32938879641934604,standard,0.008895462518021105
2021-07-19,small_bear,0.08286092285909562,medium_uncertainty,0.16572184571819124,standard,0.009929729011854502
2021-07-22,small_flat,-0.1432004700802771,medium_uncertainty,-0.2864009401605542,standard,0.009914026476046195
2021-07-30,small_flat,-0.06663793778078207,medium_uncertainty,-0.13327587556156414,standard,0.008342396381381803
2021-08-06,small_flat,-0.23229752698122658,medium_uncertainty,-0.46459505396245315,standard,0.006845665844467705
2021-08-12,flattener,-0.28502159298863927,low_uncertainty,-0.5700431859772785,collect_carry,0.009377103657496708
2021-08-23,small_flat,-0.22806540781986834,medium_uncertainty,-0.4561308156397367,standard,0.013375250132557595
2021-08-27,flattener,-0.3199762013783481,low_uncertainty,-0.6399524027566962,collect_carry,0.007355716637655288
2021-08-30,flattener,-0.4433861197551042,low_uncertainty,-0.8867722395102084,collect_carry,0.008137670539646993
2021-09-03,flattener,-0.2599634006287561,low_uncertainty,-0.8269847471927093,collect_carry,0.011811518363666201
2021-09-06,flattener,-0.16551409564211017,low_uncertainty,-0.8275704782105507,collect_carry,0.012309206671382092
2021-09-13,flattener,-0.10001939874918345,low_uncertainty,-0.5000969937459172,collect_carry,0.008196909129125005
2021-09-14,small_flat,-0.21548883332222046,medium_uncertainty,-0.4309776666444409,standard,0.011594680552772907
2021-09-17,small_flat,-0.05435243775086059,medium_uncertainty,-0.10870487550172118,standard,0.01052632994368749
2021-10-04,small_flat,-0.14471851299467073,medium_uncertainty,-0.28943702598934146,standard,0.009006371660750204
2021-10-11,small_flat,-0.0728292334146223,medium_uncertainty,-0.1456584668292446,standard,0.010008144526268498
2021-10-18,small_flat,-0.23837163966880986,medium_uncertainty,-0.47674327933761973,standard,0.007340877839631499
2021-10-29,small_flat,-0.1661296140400011,medium_uncertainty,-0.3322592280800022,standard,-0.010493790505675199
2021-11-18,flattener,-0.10399488182020072,low_uncertainty,-0.5199744091010036,collect_carry,-0.012614496509568501
2021-11-19,small_flat,-0.21466298660843702,medium_uncertainty,-0.42932597321687405,standard,-0.012099445466790204
2021-11-22,flattener,-0.5,low_uncertainty,-1.0862222452926256,collect_carry,-0.013672586329920494
2021-12-14,flattener,-0.43326873587113124,low_uncertainty,-0.8665374717422625,collect_carry,-0.015085870809307303
2021-12-15,flattener,-0.3163860140763219,low_uncertainty,-0.866161957480545,collect_carry,-0.016122172990000308
2021-12-16,flattener,-0.17315732034779285,low_uncertainty,-0.8657866017389643,collect_carry,-0.017676625130102902
2021-12-17,small_flat,-0.2392635415009223,medium_uncertainty,-0.4785270830018446,standard,-0.017263026080666793
2021-12-20,flattener,-0.11467278376831731,low_uncertainty,-0.5733639188415866,collect_carry,-0.014429349684954296
2022-01-03,flattener,-0.17491094589879352,low_uncertainty,-0.8745547294939676,collect_carry,-0.011471950686373591
2022-01-18,flattener,-0.1194534434134327,low_uncertainty,-0.5972672170671635,collect_carry,-0.012774920008862004
2022-01-28,small_flat,-0.2434516691422357,medium_uncertainty,-0.4869033382844714,standard,-0.012925598958743997
2022-02-03,flattener,-0.10250881420523301,low_uncertainty,-0.5125440710261651,collect_carry,-0.010721842857125699
2022-02-04,small_flat,-0.22058709975644655,medium_uncertainty,-0.4411741995128931,standard,-0.0091088026625952
2022-02-07,flattener,-0.10346051679754796,low_uncertainty,-0.5173025839877398,collect_carry,-0.009316493678026103
2022-02-14,small_flat,-0.21104038085269916,medium_uncertainty,-0.4220807617053983,standard,-0.016560066462007098
2022-02-18,flattener,-0.10084016324490203,low_uncertainty,-0.5042008162245101,collect_carry,-0.016098570999922207
2022-02-21,small_bear,0.11516864669609661,medium_uncertainty,0.23033729339219322,standard,-0.016942591982261
2022-03-07,small_bear,0.167493020182857,medium_uncertainty,0.334986040365714,standard,-0.017553576832417594
2022-03-10,small_bear,0.22699595461682903,medium_uncertainty,0.45399190923365806,standard,-0.014975220958594312
2022-03-24,bear_steepener,0.41959047831342916,high_uncertainty,0.5132633897040033,pay_spread,-0.015352997823754988
2022-03-25,bear_steepener,0.5693297158320166,high_uncertainty,0.5863461099918985,pay_spread,-0.014024009813052407
2022-03-28,bear_steepener,0.6764333529725363,high_uncertainty,0.6764333529725363,pay_spread,-0.014488257196829696
2022-04-04,bear_steepener,0.5691453755046127,high_uncertainty,0.5691453755046127,pay_spread,-0.017295985211053702
2022-04-08,bear_steepener,0.502623596667176,high_uncertainty,0.502623596667176,pay_spread,-0.0175968074074883
2022-04-11,small_bear,0.2423139608951488,medium_uncertainty,0.4846279217902976,standard,-0.0185260046938254
2022-04-14,bear_steepener,0.587164596313199,high_uncertainty,0.587164596313199,pay_spread,-0.01730195277882321
2022-04-18,bear_steepener,0.5150811130201044,high_uncertainty,0.5150811130201044,pay_spread,-0.016653096587786215
2022-04-22,bear_steepener,0.6904170496655037,high_uncertainty,0.6904170496655037,pay_spread,-0.013049764276894707
2022-04-29,bear_steepener,0.8408514312293193,high_uncertainty,0.8408514312293193,pay_spread,-0.013128481617501006
2022-05-06,bear_steepener,0.9446669287192507,high_uncertainty,0.9446669287192507,pay_spread,-0.011975089514401488
2022-05-12,bear_steepener,0.8405521729846243,high_uncertainty,0.8405521729846243,pay_spread,-0.014695176873398011
2022-05-13,small_bear,0.20475148232847085,medium_uncertainty,0.4095029646569417,standard,-0.015974801922067808
2022-05-16,bear_steepener,0.5072301261210382,high_uncertainty,0.5072301261210382,pay_spread,-0.01484086866114899
2022-05-20,small_bear,0.2090224357700451,medium_uncertainty,0.4180448715400902,standard,-0.014147211253321787
2022-05-26,bear_steepener,0.6478095000622197,high_uncertainty,0.6478095000622197,pay_spread,-0.0127199554313637
2022-05-30,small_bear,0.20520093144554807,medium_uncertainty,0.41040186289109615,standard,-0.010775939106449209
2022-06-06,small_bear,0.027925095856563765,medium_uncertainty,0.05585019171312753,standard,-0.00897861387729669
2022-06-10,small_bear,0.18775078023619324,medium_uncertainty,0.3755015604723865,standard,-0.005910697097601295
2022-06-13,bear_steepener,0.5110125204196565,high_uncertainty,0.5110125204196565,pay_spread,-0.006862948919620096
2022-06-15,small_bear,0.22475001834487243,medium_uncertainty,0.44950003668974486,standard,-0.011181943047946702
2022-06-20,bear_steepener,0.7406629021985218,high_uncertainty,0.7406629021985218,pay_spread,-0.009948067145494593
2022-07-04,bear_steepener,0.4736616067173154,high_uncertainty,0.7562419044047121,pay_spread,-0.007800612423288694
2022-07-05,bear_steepener,0.3027028516807657,high_uncertainty,0.7567571292019142,pay_spread,-0.0076626418013028
2022-07-07,bear_steepener,0.22275966821401905,high_uncertainty,0.5568991705350476,pay_spread,-0.009169621294697505
2022-07-11,bear_steepener,0.3724391654920756,high_uncertainty,0.931097913730189,pay_spread,-0.011480346670708297
2022-07-15,bear_steepener,0.6264152378558434,high_uncertainty,1.005716802336636,pay_spread,-0.010154999063938408
2022-07-18,bear_steepener,1.0,high_uncertainty,1.0661194757660806,pay_spread,-0.010016469617357415
2022-07-20,bear_steepener,0.8279839630466526,high_uncertainty,0.8279839630466526,pay_spread,-0.006923033782906901
2022-07-22,bear_steepener,0.5369727765778693,high_uncertainty,0.5369727765778693,pay_spread,-0.0066889636104074945
2022-08-01,bear_steepener,0.5890775140115625,high_uncertainty,0.5890775140115625,pay_spread,-0.005184277718394609
2022-08-08,small_bear,0.23516260084190793,medium_uncertainty,0.47032520168381586,standard,-0.009403474005753601
2022-08-12,bear_steepener,0.6747482398762895,high_uncertainty,0.6747482398762895,pay_spread,-0.008223520564811793
2022-08-18,bear_steepener,0.6017963812461732,high_uncertainty,0.6017963812461732,pay_spread,-0.0104150258407478
2022-08-22,bear_steepener,0.6779075178927935,high_uncertainty,0.6779075178927935,pay_spread,-0.011151157872647588
2022-08-24,bear_steepener,0.7937761938162594,high_uncertainty,0.7937761938162594,pay_spread,-0.01211100489810539
2022-09-02,bear_steepener,0.4,high_uncertainty,1.2889248727544391,pay_spread,-0.007649068336807688
2022-10-03,bear_steepener,0.9630445819320983,high_uncertainty,1.4257841776567826,pay_spread,-0.005065809735733409
2022-12-16,bear_steepener,0.508510247978088,high_uncertainty,1.2400238541507673,pay_spread,-0.004755973407791103
2022-12-19,bear_steepener,0.4,high_uncertainty,1.4346651506129187,pay_spread,-0.004811238506979593
2023-01-05,bear_steepener,0.5762444242692548,high_uncertainty,1.552861224775802,pay_spread,-0.0019261650953243947
2023-01-06,bear_steepener,0.6972496447134975,high_uncertainty,1.3019740363932124,pay_spread,-0.0020059047455908974
2023-01-09,bear_steepener,1.0,high_uncertainty,1.3035932868123339,pay_spread,-0.001770330662263897
2023-01-16,bear_steepener,0.873503122638957,high_uncertainty,0.873503122638957,pay_spread,-0.0029149057637644915
2023-01-20,bear_steepener,0.9830986384282605,high_uncertainty,0.9830986384282605,pay_spread,0.0017587520275788027
2023-01-27,bear_steepener,0.2614260112252876,high_uncertainty,0.6535650280632189,pay_spread,0.0016245573202788022
2023-01-31,bear_steepener,0.2035096172931016,high_uncertainty,0.508774043232754,pay_spread,0.0008239336671123088
2023-02-06,small_bear,0.10971882900443619,medium_uncertainty,0.21943765800887238,standard,-0.0027872337686969118
2023-02-09,small_bear,0.24671984846752001,medium_uncertainty,0.49343969693504003,standard,0.007956054633082799
2023-02-27,bear_steepener,0.5337926617043989,high_uncertainty,0.57213032231374,pay_spread,0.007980532734136708
2023-03-13,bear_steepener,0.6550072503034563,high_uncertainty,0.6550072503034563,pay_spread,0.011435956104553405
2023-03-14,bear_steepener,0.9440471586582999,high_uncertainty,0.9440471586582999,pay_spread,0.013171716479018908
2023-03-17,bear_steepener,0.8699520281156128,high_uncertainty,0.8699520281156128,pay_spread,0.015349502968430101
2023-03-31,bear_steepener,0.7271426827099339,high_uncertainty,0.7271426827099339,pay_spread,0.009416829507528993
2023-04-06,bear_steepener,0.6610977437684445,high_uncertainty,0.6610977437684445,pay_spread,0.007393417156631402
2023-04-10,bear_steepener,0.7317683167077088,high_uncertainty,0.7317683167077088,pay_spread,0.008505689760346102
2023-04-14,small_bear,0.1939898899434325,medium_uncertainty,0.387979779886865,standard,0.006536580135774198
2023-04-17,bear_steepener,0.5844574275787543,high_uncertainty,0.5844574275787543,pay_spread,0.006017876266237301
2023-04-24,bear_steepener,0.6889868589766042,high_uncertainty,0.6889868589766042,pay_spread,0.009994304882432692
2023-05-02,small_bear,0.17648522045850337,medium_uncertainty,0.35297044091700674,standard,0.006426527380181998
2023-05-05,bear_steepener,0.6269088627600923,high_uncertainty,0.6269088627600923,pay_spread,0.007414829536243089
2023-05-08,small_bear,0.2108797745001653,medium_uncertainty,0.4217595490003306,standard,0.010367428886478292
2023-05-11,bear_steepener,0.5015431606535798,high_uncertainty,0.5015431606535798,pay_spread,0.007221643121119392
2023-05-12,small_bear,0.20771379663070236,medium_uncertainty,0.4154275932614047,standard,0.004348169937086491
2023-05-22,bear_steepener,0.5551322312717418,high_uncertainty,0.5551322312717418,pay_spread,0.005264444585450098
2023-05-25,bear_steepener,0.6163457029277901,high_uncertainty,0.6163457029277901,pay_spread,0.005245922651078996
2023-05-29,small_bear,0.23915074029742822,medium_uncertainty,0.47830148059485644,standard,0.004615221552863896
2023-06-05,bear_steepener,0.6329822453992563,high_uncertainty,0.6329822453992563,pay_spread,0.0019356583702862945
2023-06-12,bear_steepener,0.7362854982295954,high_uncertainty,0.7362854982295954,pay_spread,0.007231693798170499
2023-06-16,bear_steepener,0.5271759654742192,high_uncertainty,0.5271759654742192,pay_spread,0.005447862246694704
2023-06-28,small_bear,0.24898716503719798,medium_uncertainty,0.49797433007439595,standard,0.006892375973375706
2023-06-29,bear_steepener,0.6122330647634872,high_uncertainty,0.6122330647634872,pay_spread,0.008445362603415496
2023-06-30,bear_steepener,0.6866950441520725,high_uncertainty,0.6866950441520725,pay_spread,0.007288939848283202
2023-07-05,bear_steepener,0.5858559947588958,high_uncertainty,0.5858559947588958,pay_spread,0.008439400682423909
2023-07-06,small_bear,0.18454859967824747,medium_uncertainty,0.36909719935649493,standard,0.009073438248401205
2023-07-17,bear_steepener,0.5930182133278976,high_uncertainty,0.5930182133278976,pay_spread,0.008352811098739893
2023-07-19,bear_steepener,0.6703802988010843,high_uncertainty,0.6703802988010843,pay_spread,0.008167471333201407
2023-07-21,small_bear,0.1976452500622231,medium_uncertainty,0.3952905001244462,standard,0.009558932211331903
2023-07-28,bear_steepener,0.5193158713367646,high_uncertainty,0.5193158713367646,pay_spread,0.010858650770801503
2023-08-07,bear_steepener,0.6013182876480806,high_uncertainty,0.6013182876480806,pay_spread,0.012005323435962695
2023-08-11,bear_steepener,0.7638341237841498,high_uncertainty,0.7638341237841498,pay_spread,0.015396988389016
2023-08-14,bear_steepener,0.5002632688703768,high_uncertainty,0.5002632688703768,pay_spread,0.01521541221955311
2023-08-16,small_bear,0.21544164717581954,medium_uncertainty,0.4308832943516391,standard,0.0150706597790973
2023-08-28,bear_steepener,0.5365493032587312,high_uncertainty,0.5365493032587312,pay_spread,0.013516646051521891
2023-08-29,small_bear,0.23009909115673935,medium_uncertainty,0.4601981823134787,standard,0.0130705536594522
2023-09-01,bear_steepener,0.8307979517459922,high_uncertainty,0.8307979517459922,pay_spread,0.014189944382381497
2023-09-04,bear_steepener,0.9757419156011953,high_uncertainty,0.9757419156011953,pay_spread,0.014005055981517897
2023-09-08,bear_steepener,0.787623942807529,high_uncertainty,0.787623942807529,pay_spread,0.0168287942618483
2023-09-11,bear_steepener,0.543384897989593,high_uncertainty,0.543384897989593,pay_spread,0.016905998220314092
2023-09-15,small_bear,0.22313144865552847,medium_uncertainty,0.44626289731105695,standard,0.017523529967994292
2023-09-18,bear_steepener,0.6462862527301403,high_uncertainty,0.6462862527301403,pay_spread,0.01746745767370511
2023-09-21,bear_steepener,0.91936351113617,high_uncertainty,0.91936351113617,pay_spread,0.0168583192382062
2023-09-25,bear_steepener,0.8073304877832731,high_uncertainty,0.8073304877832731,pay_spread,0.01818650516175241
2023-09-27,bear_steepener,0.7514532286965047,high_uncertainty,0.7514532286965047,pay_spread,0.0161710105425399
2023-09-29,bear_steepener,0.8567641912094827,high_uncertainty,0.8567641912094827,pay_spread,0.0141979522659708
2023-10-06,bear_steepener,1.0,high_uncertainty,1.084191324286068,pay_spread,0.01477274109373461
2023-10-13,bear_steepener,0.8826095545930325,high_uncertainty,0.8826095545930325,pay_spread,0.0124330117775113
2023-10-16,bear_steepener,0.9448517821482939,high_uncertainty,0.9448517821482939,pay_spread,0.012117633516778303
2023-10-17,bear_steepener,1.0,high_uncertainty,1.012192903730336,pay_spread,0.011668198796476209
2023-11-13,bear_steepener,0.7430863271857777,high_uncertainty,1.4344171138628574,pay_spread,0.009678454766258504
2023-11-14,bear_steepener,0.5468669717159731,high_uncertainty,1.4400823086462027,pay_spread,0.010915676862666396
2023-11-16,bear_steepener,0.4,high_uncertainty,1.4518308399889717,pay_spread,0.01101994039114329
2023-11-20,small_bear,0.1387150575233746,medium_uncertainty,0.2774301150467492,standard,0.010758453314193603
2023-12-01,small_bear,0.06168085447996081,medium_uncertainty,0.12336170895992161,standard,0.011847644145474498
2023-12-11,small_flat,-0.008857433912201888,medium_uncertainty,-0.017714867824403777,standard,0.011425717644155703
2024-01-17,small_flat,-0.08078471011635144,medium_uncertainty,-0.16156942023270288,standard,0.012709378040459005
2024-01-19,small_flat,-0.030579084255626207,medium_uncertainty,-0.061158168511252414,standard,0.011771203731610905
2024-01-26,small_flat,-0.18619287081888553,medium_uncertainty,-0.37238574163777105,standard,0.013165753636106697
2024-02-19,flattener,-0.3251516188707076,low_uncertainty,-0.6503032377414152,collect_carry,0.011402736465831106
2024-02-26,flattener,-0.46969096200853994,low_uncertainty,-0.9393819240170799,collect_carry,0.0118589832799577
2024-03-04,flattener,-0.40552391888983674,low_uncertainty,-0.9420798374545943,collect_carry,0.012363737589220297
2024-03-05,small_flat,-0.17610947708552854,medium_uncertainty,-0.3522189541710571,standard,0.0126483081329518
2024-03-11,small_flat,-0.11799447420231467,medium_uncertainty,-0.23598894840462933,standard,0.013683847162626897
2024-04-04,small_flat,-0.06737407223478242,medium_uncertainty,-0.13474814446956485,standard,0.015679316168805607
2024-04-05,flattener,-0.1347191414130781,low_uncertainty,-0.6735957070653904,collect_carry,0.015183589528870098
2024-05-02,small_flat,-0.23501515181981403,medium_uncertainty,-0.47003030363962806,standard,0.012903508655409401
2024-05-13,small_flat,-0.13805967153196497,medium_uncertainty,-0.27611934306392993,standard,0.014126398584193303
2024-05-17,small_flat,-0.2048569627445162,medium_uncertainty,-0.4097139254890324,standard,0.012728795006990104
2024-06-03,flattener,-0.1408477742526265,low_uncertainty,-0.7042388712631326,collect_carry,0.011150467166774092
2024-07-29,small_flat,-0.22856402338554463,medium_uncertainty,-0.45712804677108926,standard,0.0013397351313630956
2024-08-16,flattener,-0.10441147485660583,low_uncertainty,-0.5220573742830291,collect_carry,-0.0055074323877190995
2024-08-29,flattener,-0.17248686588702775,low_uncertainty,-0.8624343294351386,collect_carry,-0.001621673168836102
2024-10-14,small_flat,-0.08721716781949637,medium_uncertainty,-0.17443433563899274,standard,-0.005687764226666392
2024-10-18,small_flat,-0.14668687770876235,medium_uncertainty,-0.2933737554175247,standard,-0.003839920133482305
2024-11-18,small_flat,-0.07218055062921609,medium_uncertainty,-0.14436110125843218,standard,-0.01052977442253189
2024-11-22,small_flat,-0.1713097124330614,medium_uncertainty,-0.3426194248661228,standard,-0.008905529400908607
2024-11-26,small_flat,-0.12015319361834013,medium_uncertainty,-0.24030638723668027,standard,-0.010847637500365381
2024-12-02,small_flat,-0.054672595813121984,medium_uncertainty,-0.10934519162624397,standard,-0.010616716167335394
2024-12-16,small_flat,-0.16176321801865123,medium_uncertainty,-0.32352643603730247,standard,-0.014119994527121982
2025-01-03,small_flat,-0.10218386837063903,medium_uncertainty,-0.20436773674127806,standard,-0.011830291900666506
2025-01-17,small_bear,0.06399167542637854,medium_uncertainty,0.12798335085275708,standard,-0.0077964943504097994
2025-01-20,small_bear,0.16576664123832766,medium_uncertainty,0.3315332824766553,standard,-0.008886375174639805
2025-01-22,small_bear,0.11221835312136208,medium_uncertainty,0.22443670624272416,standard,-0.009142960897074115
2025-01-23,small_bear,0.19093691718194092,medium_uncertainty,0.38187383436388184,standard,-0.009189184175170312
2025-01-24,small_bear,0.055673113765124585,medium_uncertainty,0.11134622753024917,standard,-0.010974139204404099
2025-01-31,small_flat,-0.06414819306886088,medium_uncertainty,-0.12829638613772176,standard,-0.010560652997344488
2025-02-10,small_flat,-0.1148263952304506,medium_uncertainty,-0.2296527904609012,standard,-0.0106499217156171
2025-02-24,small_flat,-0.02946020892748259,medium_uncertainty,-0.05892041785496518,standard,-0.0047448320507229025
2025-03-06,small_bear,0.03194311513745534,medium_uncertainty,0.06388623027491068,standard,-0.0009553427233129075
2025-03-10,small_bear,0.08401608483701263,medium_uncertainty,0.16803216967402526,standard,-0.0016775386048761831
2025-04-14,small_bear,0.15083766833485607,medium_uncertainty,0.30167533666971214,standard,0.0008966881982299946
2025-04-17,small_bear,0.008359024040008439,medium_uncertainty,0.016718048080016878,standard,0.00013696826214770752
2025-04-22,small_flat,-0.14609829884168418,medium_uncertainty,-0.29219659768336836,standard,0.0016340888244801843
2025-04-25,small_flat,-0.06913943531187837,medium_uncertainty,-0.13827887062375674,standard,0.0008785027485462837
2025-05-15,small_flat,-0.015422828245686046,medium_uncertainty,-0.03084565649137209,standard,-0.003593227710694702
2025-05-19,small_bear,0.05046834092023969,medium_uncertainty,0.10093668184047938,standard,-0.0012422701789457924
2025-06-02,small_bear,0.1106673302117572,medium_uncertainty,0.2213346604235144,standard,-0.003002940133332216
2025-06-13,small_bear,0.06060710811108304,medium_uncertainty,0.12121421622216608,standard,-0.004687863669482095
2025-06-16,small_bear,0.002905570351556183,medium_uncertainty,0.005811140703112366,standard,-0.005975919228041998
2025-07-15,small_bear,0.07974292288482131,medium_uncertainty,0.15948584576964261,standard,-0.004997291317684477
2025-07-18,small_bear,0.21879908258423889,medium_uncertainty,0.43759816516847777,standard,-0.00469742511521562
2025-08-07,small_bear,0.15787793789646778,medium_uncertainty,0.31575587579293557,standard,-0.0031902971844470773
2025-08-18,small_bear,0.2315153128542636,medium_uncertainty,0.4630306257085272,standard,0.00024374360385831517
2025-08-22,small_bear,0.11428166199620914,medium_uncertainty,0.22856332399241827,standard,0.00223055264130248
2025-09-18,small_bear,0.04210600065130489,medium_uncertainty,0.08421200130260978,standard,-0.0009824111622860066
2025-10-10,small_flat,-0.015524531122511032,medium_uncertainty,-0.031049062245022064,standard,0.004665432143670906
2025-10-13,small_bear,0.05146605956958357,medium_uncertainty,0.10293211913916714,standard,0.0043340040278900815
2025-10-24,small_bear,0.15921847329342984,medium_uncertainty,0.31843694658685967,standard,0.004284043762649903
2025-10-31,small_bear,0.09974471352480327,medium_uncertainty,0.19948942704960654,standard,0.004440802358061713
2025-11-12,small_bear,0.021347520813125288,medium_uncertainty,0.042695041626250575,standard,0.0057680287486710086
2025-11-21,bear_steepener,0.5588565726911814,high_uncertainty,0.5588565726911814,pay_spread,0.007380832046891092
2025-11-24,bear_steepener,0.6145078780756879,high_uncertainty,0.6145078780756879,pay_spread,0.008357642623919581
2025-12-01,bear_steepener,0.6860536889494773,high_uncertainty,0.6860536889494773,pay_spread,0.005633175787228495
2025-12-05,bear_steepener,0.5134928076913562,high_uncertainty,0.5134928076913562,pay_spread,0.006891353678680101
2025-12-11,small_bear,0.23829553003211548,medium_uncertainty,0.47659106006423096,standard,0.00922760800613262
2025-12-15,bear_steepener,0.5264832079339935,high_uncertainty,0.5264832079339935,pay_spread,0.009132459841615384
2025-12-17,small_bear,0.22973196853371822,medium_uncertainty,0.45946393706743643,standard,0.010398449163003615
2026-01-05,small_flat,-0.06627361655748641,medium_uncertainty,-0.13254723311497282,standard,0.009403442659426983
2026-01-09,bear_steepener,0.6739543602010984,high_uncertainty,0.7137077925401271,pay_spread,0.008525955764267595
2026-01-12,bear_steepener,0.8315633839350854,high_uncertainty,0.8315633839350854,pay_spread,0.008111289177171715
2026-01-14,bear_steepener,0.7655499745306537,high_uncertainty,0.7655499745306537,pay_spread,0.008572342110602704
2026-01-16,bear_steepener,0.6751077754000055,high_uncertainty,0.6751077754000055,pay_spread,0.008887059013732684
2026-01-20,bear_steepener,0.6004509953697733,high_uncertainty,0.6004509953697733,pay_spread,0.010105363342585605
2026-01-23,small_bear,0.2393337572533483,medium_uncertainty,0.4786675145066966,standard,0.009928503025635693
2026-01-29,bear_steepener,0.528890716963178,high_uncertainty,0.528890716963178,pay_spread,0.010718963638061588
2026-02-02,bear_steepener,0.23856879594461633,high_uncertainty,0.5964219898615408,pay_spread,0.012247029459107106
2026-02-09,small_flat,-0.08072454071748703,medium_uncertainty,-0.16144908143497405,standard,0.012702387576445803
2026-02-10,small_flat,-0.1394304470202907,medium_uncertainty,-0.2788608940405814,standard,0.012580224705420084
2026-02-19,small_flat,-0.22672814562591442,medium_uncertainty,-0.45345629125182885,standard,0.013060713140450791
2026-02-20,flattener,-0.32489675785270355,low_uncertainty,-0.6497935157054071,collect_carry,0.013248891984200803
