release_date,year,month,n_obs,is_ad_hoc,high_vol_regime,high_mean,low_mean,p00,p11,aic,bic,pct_high,file
2012-01-31,2012,1,2337,False,0,1.0507848260351988e-05,-0.00019803747379987913,0.9766497704835341,0.9445957811811662,-20218.95347351766,-20184.413733510428,0.7060333761232349,/home/lfpazevedo/Documents/Projects/schonfeld-ms-primary-surplus/src/data/processed/regime_analysis/regime_probs_20120131.csv
2012-02-29,2012,2,2356,False,0,-1.2423887205825328e-05,-0.0001734834745147194,0.9767974271709944,0.9448812254701705,-20413.271305457114,-20378.682982188486,0.7050084889643463,/home/lfpazevedo/Documents/Projects/schonfeld-ms-primary-surplus/src/data/processed/regime_analysis/regime_probs_20120229.csv
2012-03-30,2012,3,2378,False,0,-3.6036618685494775e-05,-0.0001732383827127432,0.9771372078577553,0.944492011089717,-20606.49367863636,-20571.849588172856,0.7106812447434819,/home/lfpazevedo/Documents/Projects/schonfeld-ms-primary-surplus/src/data/processed/regime_analysis/regime_probs_20120330.csv
2012-04-27,2012,4,2397,False,0,1.3588960404050322e-08,-0.0002144056664954913,0.9774847488498881,0.9432663938873064,-20766.400194669055,-20731.70835526245,0.720066750104297,/home/lfpazevedo/Documents/Projects/schonfeld-ms-primary-surplus/src/data/processed/regime_analysis/regime_probs_20120427.csv
2012-05-31,2012,5,2420,False,0,3.888255538764916e-06,-0.00023579131991941312,0.9781264647000422,0.9432863917896411,-20984.218046016875,-20949.46890910197,0.7264462809917356,/home/lfpazevedo/Documents/Projects/schonfeld-ms-primary-surplus/src/data/processed/regime_analysis/regime_probs_20120531.csv
2012-06-29,2012,6,2440,False,0,-1.3932972004446505e-05,-0.0001952156284375877,0.9779268851057603,0.9434721384362457,-21197.639144517463,-21162.84062460774,0.7225409836065574,/home/lfpazevedo/Documents/Projects/schonfeld-ms-primary-surplus/src/data/processed/regime_analysis/regime_probs_20120629.csv
2012-07-31,2012,7,2462,False,0,-3.8474766286186615e-05,-0.00018738353889323446,0.9780454072240714,0.9432244468588475,-21397.399014179082,-21362.546638338616,0.7254264825345248,/home/lfpazevedo/Documents/Projects/schonfeld-ms-primary-surplus/src/data/processed/regime_analysis/regime_probs_20120731.csv
2012-08-31,2012,8,2485,False,0,-3.559916672323073e-06,-0.00025000551061204156,0.9791116357644933,0.9431070199433224,-21610.604081169415,-21575.69591353823,0.738430583501006,/home/lfpazevedo/Documents/Projects/schonfeld-ms-primary-surplus/src/data/processed/regime_analysis/regime_probs_20120831.csv
2012-09-28,2012,9,2504,False,0,2.820552660588154e-05,-0.00027490166525195354,0.9793149043995082,0.9421610740689331,-21768.41736451354,-21733.46349612022,0.740814696485623,/home/lfpazevedo/Documents/Projects/schonfeld-ms-primary-surplus/src/data/processed/regime_analysis/regime_probs_20120928.csv
2012-10-30,2012,10,2525,False,0,8.524111879100414e-06,-0.00029890012609124763,0.9787701089649988,0.9409884220190758,-21935.845741096004,-21900.841763045748,0.7401980198019802,/home/lfpazevedo/Documents/Projects/schonfeld-ms-primary-surplus/src/data/processed/regime_analysis/regime_probs_20121030.csv
2012-11-30,2012,11,2546,False,0,-1.129720168289936e-05,-0.00025656982683583315,0.9785075774027995,0.9410162657971338,-22157.69831265705,-22122.644639982344,0.7395915161036921,/home/lfpazevedo/Documents/Projects/schonfeld-ms-primary-surplus/src/data/processed/regime_analysis/regime_probs_20121130.csv
2012-12-28,2012,12,2565,False,0,-7.153470848469691e-07,-0.000260700621350363,0.9786486243457045,0.9411114825544459,-22355.68257200696,-22320.58428946133,0.7387914230019493,/home/lfpazevedo/Documents/Projects/schonfeld-ms-primary-surplus/src/data/processed/regime_analysis/regime_probs_20121228.csv
2013-01-30,2013,1,2566,False,0,-8.665932180075166e-07,-0.0002593128820286463,0.9786353025391561,0.9411127332876255,-22366.53330365884,-22331.43268238779,0.7388932190179267,/home/lfpazevedo/Documents/Projects/schonfeld-ms-primary-surplus/src/data/processed/regime_analysis/regime_probs_20130130.csv
2013-02-27,2013,2,2584,False,0,-1.8507160661930433e-05,-0.00022390718874154122,0.9784459909658925,0.9411426691526085,-22553.111856253385,-22517.96929306397,0.7356811145510835,/home/lfpazevedo/Documents/Projects/schonfeld-ms-primary-surplus/src/data/processed/regime_analysis/regime_probs_20130227.csv
2013-03-28,2013,3,2605,False,0,4.0996757651244665e-05,-0.00033257062635982644,0.9798776188620506,0.9414017987206589,-22736.647241139268,-22701.456113414144,0.7477927063339731,/home/lfpazevedo/Documents/Projects/schonfeld-ms-primary-surplus/src/data/processed/regime_analysis/regime_probs_20130328.csv
2013-04-30,2013,4,2627,False,0,2.5061866747675913e-05,-0.0003651322286638302,0.9793776421512524,0.9417519318171058,-22915.33898477554,-22880.097398037426,0.74685953559193,/home/lfpazevedo/Documents/Projects/schonfeld-ms-primary-surplus/src/data/processed/regime_analysis/regime_probs_20130430.csv
2013-05-31,2013,5,2648,False,0,2.3465852351098545e-05,-0.0002730056457823923,0.9787858989659962,0.940504495382673,-23068.25381096543,-23032.96445146309,0.743202416918429,/home/lfpazevedo/Documents/Projects/schonfeld-ms-primary-surplus/src/data/processed/regime_analysis/regime_probs_20130531.csv
2013-06-28,2013,6,2668,False,0,4.466573265626563e-05,-0.0003111771057101251,0.9792512644824184,0.9397450660014383,-23262.93677998835,-23227.602273546137,0.7473763118440779,/home/lfpazevedo/Documents/Projects/schonfeld-ms-primary-surplus/src/data/processed/regime_analysis/regime_probs_20130628.csv
2013-07-30,2013,7,2690,False,0,2.7773105919146633e-05,-0.0003036366577443737,0.9796179854944498,0.9397640082048259,-23465.925607348603,-23430.54182851303,0.7524163568773234,/home/lfpazevedo/Documents/Projects/schonfeld-ms-primary-surplus/src/data/processed/regime_analysis/regime_probs_20130730.csv
2013-08-30,2013,8,2713,False,0,-1.2252820015561261e-05,-0.0002889456491904424,0.9802737089658464,0.9392570485523095,-23646.765618175064,-23611.33075629911,0.7589384445263546,/home/lfpazevedo/Documents/Projects/schonfeld-ms-primary-surplus/src/data/processed/regime_analysis/regime_probs_20130830.csv
2013-09-30,2013,9,2734,False,0,-1.580973505705677e-05,-0.0002777878584902332,0.980329951558305,0.9395551570572281,-23866.424616991717,-23830.943490888014,0.7589612289685442,/home/lfpazevedo/Documents/Projects/schonfeld-ms-primary-surplus/src/data/processed/regime_analysis/regime_probs_20130930.csv
2013-10-31,2013,10,2757,False,0,-2.973262800182487e-05,-0.0002502438180163114,0.9802711796180054,0.9398307666773801,-24110.83313950837,-24075.301749042228,0.7587957925281102,/home/lfpazevedo/Documents/Projects/schonfeld-ms-primary-surplus/src/data/processed/regime_analysis/regime_probs_20131031.csv
2013-11-29,2013,11,2777,False,0,-2.9735291557070837e-05,-0.00020486844881137178,0.9798406015784105,0.9402494615914442,-24284.32054153216,-24248.74578260832,0.757652142599928,/home/lfpazevedo/Documents/Projects/schonfeld-ms-primary-surplus/src/data/processed/regime_analysis/regime_probs_20131129.csv
2013-12-27,2013,12,2796,False,0,-3.068213070464409e-05,-0.00011514902226476882,0.9796996737416579,0.9399426396506712,-24440.79795953277,-24405.18228891265,0.7550071530758226,/home/lfpazevedo/Documents/Projects/schonfeld-ms-primary-surplus/src/data/processed/regime_analysis/regime_probs_20131227.csv
2014-01-31,2014,1,2799,False,0,-3.308798414574275e-05,-0.00011568075922601958,0.9797222146000404,0.9399149816250716,-24466.15550239752,-24430.533397460425,0.7556270096463023,/home/lfpazevedo/Documents/Projects/schonfeld-ms-primary-surplus/src/data/processed/regime_analysis/regime_probs_20140131.csv
2014-02-28,2014,2,2819,False,0,-4.763261736262537e-05,-0.00011787897565357632,0.9792883559227321,0.9387886077716657,-24644.220684529246,-24608.55585958256,0.754877616175949,/home/lfpazevedo/Documents/Projects/schonfeld-ms-primary-surplus/src/data/processed/regime_analysis/regime_probs_20140228.csv
2014-03-28,2014,3,2837,False,0,-1.3176147087424118e-05,-0.00016755097096532497,0.9799370621115711,0.9385722251852364,-24802.180836571482,-24766.477821962628,0.7599577017976736,/home/lfpazevedo/Documents/Projects/schonfeld-ms-primary-surplus/src/data/processed/regime_analysis/regime_probs_20140328.csv
2014-04-30,2014,4,2858,False,0,-2.2583991840685287e-05,-0.00014443870757963094,0.9797855332977842,0.9386751447210024,-25027.389840344236,-24991.6425761933,0.7589223233030091,/home/lfpazevedo/Documents/Projects/schonfeld-ms-primary-surplus/src/data/processed/regime_analysis/regime_probs_20140430.csv
2014-05-30,2014,5,2879,False,0,-4.295379038949291e-05,-0.00010820386808871585,0.9795867656677552,0.9386806231130151,-25246.660827338477,-25210.869637594806,0.7575547064953109,/home/lfpazevedo/Documents/Projects/schonfeld-ms-primary-surplus/src/data/processed/regime_analysis/regime_probs_20140530.csv
2014-06-30,2014,6,2899,False,0,-7.022131174840232e-05,-7.360496685149758e-05,0.979579818931894,0.9386772008000175,-25441.50682981317,-25405.67410303964,0.756812694032425,/home/lfpazevedo/Documents/Projects/schonfeld-ms-primary-surplus/src/data/processed/regime_analysis/regime_probs_20140630.csv
2014-07-31,2014,7,2922,False,1,-6.0486106823436236e-05,-7.062298706264905e-05,0.979513865096395,0.938741561341095,-25683.679073991094,-25647.79893243723,0.24503764544832307,/home/lfpazevedo/Documents/Projects/schonfeld-ms-primary-surplus/src/data/processed/regime_analysis/regime_probs_20140731.csv
2014-08-29,2014,8,2943,False,0,-7.100612470197178e-05,-9.151804607921344e-05,0.9789701500936567,0.9388844868876155,-25875.36113420077,-25839.43802571137,0.7512742099898063,/home/lfpazevedo/Documents/Projects/schonfeld-ms-primary-surplus/src/data/processed/regime_analysis/regime_probs_20140829.csv
2014-09-30,2014,9,2965,False,1,-3.933282024267753e-05,-6.105437003981972e-05,0.9788797124082875,0.9381266003520419,-26044.071671542042,-26008.10387767345,0.24553119730185496,/home/lfpazevedo/Documents/Projects/schonfeld-ms-primary-surplus/src/data/processed/regime_analysis/regime_probs_20140930.csv
2014-10-31,2014,10,2988,False,1,-9.941045707842717e-06,-6.009955023583981e-05,0.9787706380777078,0.937026830009082,-26270.610036306836,-26234.59587902932,0.24866131191432397,/home/lfpazevedo/Documents/Projects/schonfeld-ms-primary-surplus/src/data/processed/regime_analysis/regime_probs_20141031.csv
2014-11-28,2014,11,3008,False,1,8.029938688615155e-05,-4.603583008765929e-05,0.9786117171657323,0.9380811535380952,-26410.99959356935,-26374.945409458935,0.2483377659574468,/home/lfpazevedo/Documents/Projects/schonfeld-ms-primary-surplus/src/data/processed/regime_analysis/regime_probs_20141128.csv
2014-12-29,2014,12,3028,False,1,8.479616608190202e-05,-5.1565512606712806e-05,0.9783302876151349,0.9394961976911866,-26545.15882870139,-26509.064883014045,0.25726552179656537,/home/lfpazevedo/Documents/Projects/schonfeld-ms-primary-surplus/src/data/processed/regime_analysis/regime_probs_20141229.csv
2015-01-30,2015,1,3031,False,1,5.559443466896194e-05,-5.168237049717429e-05,0.9783308030332405,0.939793265129742,-26564.44193278448,-26528.342045522135,0.2580006598482349,/home/lfpazevedo/Documents/Projects/schonfeld-ms-primary-surplus/src/data/processed/regime_analysis/regime_probs_20150130.csv
2015-02-27,2015,2,3049,False,0,-5.2341996334330827e-05,-0.00011568616470342946,0.9783353667283345,0.9414987739981693,-26680.722063652072,-26644.586649970144,0.7366349622827156,/home/lfpazevedo/Documents/Projects/schonfeld-ms-primary-surplus/src/data/processed/regime_analysis/regime_probs_20150227.csv
2015-03-31,2015,3,3071,False,0,-5.9071814081344386e-05,-0.00014890879933921911,0.9776889297784572,0.9412177123859282,-26839.777388355735,-26803.59883723309,0.7320091175512863,/home/lfpazevedo/Documents/Projects/schonfeld-ms-primary-surplus/src/data/processed/regime_analysis/regime_probs_20150331.csv
2015-04-30,2015,4,3091,False,1,-8.79396642042372e-06,-6.599211555568892e-05,0.9775894305425612,0.9417656943109703,-26975.26183084224,-26939.044331189445,0.2730507926237464,/home/lfpazevedo/Documents/Projects/schonfeld-ms-primary-surplus/src/data/processed/regime_analysis/regime_probs_20150430.csv
2015-05-29,2015,5,3111,False,0,-6.983646724620017e-05,-0.00011166577554798126,0.9773943435190041,0.942757234914121,-27116.76880941093,-27080.512612429542,0.7193828351012537,/home/lfpazevedo/Documents/Projects/schonfeld-ms-primary-surplus/src/data/processed/regime_analysis/regime_probs_20150529.csv
2015-06-30,2015,6,3132,False,0,-6.493708419699312e-05,-0.00012412883116899337,0.977834059887322,0.9426421674513397,-27307.645677883374,-27271.34911554071,0.7244572158365262,/home/lfpazevedo/Documents/Projects/schonfeld-ms-primary-surplus/src/data/processed/regime_analysis/regime_probs_20150630.csv
2015-07-31,2015,7,3155,False,1,-7.052048813187579e-05,-7.624475860155627e-05,0.9775035719201676,0.9428958302295248,-27491.051385002356,-27454.710922352504,0.27606973058637085,/home/lfpazevedo/Documents/Projects/schonfeld-ms-primary-surplus/src/data/processed/regime_analysis/regime_probs_20150731.csv
2015-08-28,2015,8,3175,False,1,5.1213430720979026e-06,-6.997429552933605e-05,0.9775433977322336,0.9427322227873104,-27647.716329934225,-27611.337952466263,0.27874015748031494,/home/lfpazevedo/Documents/Projects/schonfeld-ms-primary-surplus/src/data/processed/regime_analysis/regime_probs_20150828.csv
2015-09-30,2015,9,3197,False,1,6.840068576083039e-05,-5.826364451855349e-05,0.9773169879731446,0.9437380957833297,-27806.24520268765,-27769.82539379329,0.2802627463246794,/home/lfpazevedo/Documents/Projects/schonfeld-ms-primary-surplus/src/data/processed/regime_analysis/regime_probs_20150930.csv
2015-10-29,2015,10,3217,False,1,7.957729792407643e-05,-6.042977603546273e-05,0.9772727444828142,0.9426590115812402,-28008.45243114102,-27971.995203977585,0.2800746036680137,/home/lfpazevedo/Documents/Projects/schonfeld-ms-primary-surplus/src/data/processed/regime_analysis/regime_probs_20151029.csv
2015-11-30,2015,11,3238,False,1,0.00010332695391521199,-5.012930158810362e-05,0.9770281758241028,0.943072781382901,-28187.823571651286,-28151.32730484586,0.2801111797405806,/home/lfpazevedo/Documents/Projects/schonfeld-ms-primary-surplus/src/data/processed/regime_analysis/regime_probs_20151130.csv
2015-12-29,2015,12,3258,False,1,0.00011017201633324499,-4.70085721188867e-05,0.9773459448196425,0.9423002292573498,-28355.263517921645,-28318.730305186673,0.27716390423572745,/home/lfpazevedo/Documents/Projects/schonfeld-ms-primary-surplus/src/data/processed/regime_analysis/regime_probs_20151229.csv
2016-01-29,2016,1,3261,False,1,0.00010988492238925901,-4.9525296064098826e-05,0.9774687741506856,0.9422992281257885,-28379.501740421507,-28342.96300536677,0.2769089236430543,/home/lfpazevedo/Documents/Projects/schonfeld-ms-primary-surplus/src/data/processed/regime_analysis/regime_probs_20160129.csv
2016-02-26,2016,2,3279,False,1,0.0002900745493615061,-5.249880020792428e-05,0.9769800399210462,0.9429988486832382,-28501.34774569604,-28464.77598303497,0.2802683745044221,/home/lfpazevedo/Documents/Projects/schonfeld-ms-primary-surplus/src/data/processed/regime_analysis/regime_probs_20160226.csv
2016-03-30,2016,3,3301,False,1,0.0005797631121179159,-5.420649735954448e-05,0.9770770751931506,0.9444266429776396,-28625.583006901456,-28588.971122510335,0.2847621932747652,/home/lfpazevedo/Documents/Projects/schonfeld-ms-primary-surplus/src/data/processed/regime_analysis/regime_probs_20160330.csv
2016-04-29,2016,4,3322,False,1,0.0005745077819792057,-5.8372873995095686e-05,0.9769783203221929,0.9459147446247629,-28769.12332992279,-28732.47339618175,0.29169175195665265,/home/lfpazevedo/Documents/Projects/schonfeld-ms-primary-surplus/src/data/processed/regime_analysis/regime_probs_20160429.csv
2016-05-31,2016,5,3343,False,1,0.00047043927257891805,-5.076328783423896e-05,0.9766902980037676,0.9453974529190299,-28924.948644012813,-28888.26090069429,0.2916542028118457,/home/lfpazevedo/Documents/Projects/schonfeld-ms-primary-surplus/src/data/processed/regime_analysis/regime_probs_20160531.csv
2016-06-29,2016,6,3364,False,1,0.0003183558228059843,-5.103373872034216e-05,0.9766901603941076,0.9465131808354239,-29063.23252623353,-29026.50721010697,0.2966706302021403,/home/lfpazevedo/Documents/Projects/schonfeld-ms-primary-surplus/src/data/processed/regime_analysis/regime_probs_20160629.csv
2016-07-29,2016,7,3386,False,1,0.0004094154407498424,-5.094437753944374e-05,0.9767113926963057,0.9467857721169052,-29216.76835709567,-29180.00392971951,0.2988777318369758,/home/lfpazevedo/Documents/Projects/schonfeld-ms-primary-surplus/src/data/processed/regime_analysis/regime_probs_20160729.csv
2016-08-31,2016,8,3409,False,1,0.00025131631722669404,-5.3503414020750015e-05,0.9763336910940213,0.9475662349592774,-29368.008983341584,-29331.203937708757,0.30507480199471987,/home/lfpazevedo/Documents/Projects/schonfeld-ms-primary-surplus/src/data/processed/regime_analysis/regime_probs_20160831.csv
2016-09-30,2016,9,3430,False,1,0.00023877292365970061,-5.598103876471501e-05,0.9766378764320437,0.9468208601712567,-29530.74526953438,-29493.903376293423,0.29970845481049563,/home/lfpazevedo/Documents/Projects/schonfeld-ms-primary-surplus/src/data/processed/regime_analysis/regime_probs_20160930.csv
2016-10-31,2016,10,3450,False,1,0.0002586782334791889,-3.3251733420295474e-05,0.9767796408836349,0.9469905179782183,-29682.24682850708,-29645.370051446927,0.2956521739130435,/home/lfpazevedo/Documents/Projects/schonfeld-ms-primary-surplus/src/data/processed/regime_analysis/regime_probs_20161031.csv
2016-11-28,2016,11,3468,False,1,0.0002243917754908892,-3.182466112104375e-05,0.9765007401595724,0.9456404261959028,-29817.672153519063,-29780.76415349166,0.2952710495963091,/home/lfpazevedo/Documents/Projects/schonfeld-ms-primary-surplus/src/data/processed/regime_analysis/regime_probs_20161128.csv
2016-12-27,2016,12,3489,False,1,0.00034024768456822146,-3.2704261135336835e-05,0.9760606806166758,0.9457526848966381,-29965.170740989943,-29928.22651834282,0.29951275437087993,/home/lfpazevedo/Documents/Projects/schonfeld-ms-primary-surplus/src/data/processed/regime_analysis/regime_probs_20161227.csv
2017-01-31,2017,1,3492,False,1,0.0003426189798942969,-3.446785953453593e-05,0.9760301282992813,0.9457436565197201,-29997.29403595633,-29960.344656454574,0.2992554410080183,/home/lfpazevedo/Documents/Projects/schonfeld-ms-primary-surplus/src/data/processed/regime_analysis/regime_probs_20170131.csv
2017-02-24,2017,2,3510,False,1,0.0003102721138154306,-5.289873761237211e-06,0.9768416584642595,0.9457240466710721,-30143.398040095748,-30106.41781219699,0.2905982905982906,/home/lfpazevedo/Documents/Projects/schonfeld-ms-primary-surplus/src/data/processed/regime_analysis/regime_probs_20170224.csv
2017-03-31,2017,3,3533,False,1,0.0002932823028468135,9.761777078160374e-06,0.9774558650761106,0.9457465458589043,-30343.85121398929,-30306.831798105133,0.2875742994622134,/home/lfpazevedo/Documents/Projects/schonfeld-ms-primary-surplus/src/data/processed/regime_analysis/regime_probs_20170331.csv
2017-04-28,2017,4,3551,False,1,0.00022763059842150973,5.835382344121428e-06,0.9769272391194069,0.9463041430056162,-30461.624814328767,-30424.574907131107,0.29146719234018587,/home/lfpazevedo/Documents/Projects/schonfeld-ms-primary-surplus/src/data/processed/regime_analysis/regime_probs_20170428.csv
2017-05-26,2017,5,3570,False,1,4.1430083639669045e-05,9.891430770011622e-06,0.9769938953330329,0.9477352556310127,-30578.98035615291,-30541.898430904268,0.29551820728291317,/home/lfpazevedo/Documents/Projects/schonfeld-ms-primary-surplus/src/data/processed/regime_analysis/regime_probs_20170526.csv
2017-06-30,2017,6,3594,False,1,9.048121306212934e-06,8.031650634595486e-06,0.9768066813495407,0.9486938850907082,-30739.975975642512,-30702.85384923845,0.30077907623817474,/home/lfpazevedo/Documents/Projects/schonfeld-ms-primary-surplus/src/data/processed/regime_analysis/regime_probs_20170630.csv
2017-07-28,2017,7,3614,False,1,5.040586770553281e-05,3.8153777400863085e-06,0.9768507613539769,0.9481545414842331,-30905.9040619347,-30868.748639107787,0.30132816823464303,/home/lfpazevedo/Documents/Projects/schonfeld-ms-primary-surplus/src/data/processed/regime_analysis/regime_probs_20170728.csv
2017-08-30,2017,8,3637,False,1,6.308569159112193e-05,2.7384224381621282e-05,0.9768833556141172,0.9483497043267359,-31084.865746458978,-31047.672259789055,0.30107231234533954,/home/lfpazevedo/Documents/Projects/schonfeld-ms-primary-surplus/src/data/processed/regime_analysis/regime_probs_20170830.csv
2017-09-29,2017,9,3658,False,0,2.7158890083937775e-05,2.5392364469827288e-05,0.9765447572258574,0.9478283831016283,-31261.19830468366,-31223.970273709958,0.69901585565883,/home/lfpazevedo/Documents/Projects/schonfeld-ms-primary-surplus/src/data/processed/regime_analysis/regime_probs_20170929.csv
2017-10-30,2017,10,3678,False,0,1.909590443302345e-05,-4.483902955231581e-05,0.9765394060410081,0.947645834393012,-31408.519630563183,-31371.2588841322,0.6971179989124524,/home/lfpazevedo/Documents/Projects/schonfeld-ms-primary-surplus/src/data/processed/regime_analysis/regime_probs_20171030.csv
2017-11-29,2017,11,3698,False,0,1.7111929958614905e-05,-5.496404759245792e-05,0.9763374531458482,0.947633702052078,-31586.737538163594,-31549.444253691912,0.6984856679286101,/home/lfpazevedo/Documents/Projects/schonfeld-ms-primary-surplus/src/data/processed/regime_analysis/regime_probs_20171129.csv
2017-12-28,2017,12,3718,False,0,1.730751317930347e-05,-0.0001458880174060479,0.9763117332348097,0.9481937262643715,-31724.87080622695,-31687.54515921726,0.6944593867670791,/home/lfpazevedo/Documents/Projects/schonfeld-ms-primary-surplus/src/data/processed/regime_analysis/regime_probs_20171228.csv
2018-01-31,2018,1,3727,False,0,1.5441450156192856e-05,-8.200093482211334e-05,0.9763031182914214,0.949248460123416,-31782.554514031384,-31745.21436063451,0.6922457740810303,/home/lfpazevedo/Documents/Projects/schonfeld-ms-primary-surplus/src/data/processed/regime_analysis/regime_probs_20180131.csv
2018-02-28,2018,2,3745,False,0,9.571091655187053e-06,-1.4288043187225968e-05,0.9762797906226623,0.9488661924283915,-31919.910381624475,-31882.54132024877,0.6907877169559412,/home/lfpazevedo/Documents/Projects/schonfeld-ms-primary-surplus/src/data/processed/regime_analysis/regime_probs_20180228.csv
2018-03-28,2018,3,3765,False,1,1.8067266433285386e-06,-4.132339562260203e-06,0.976222002650628,0.9488148548260532,-32127.476642123358,-32090.075623281955,0.3083665338645418,/home/lfpazevedo/Documents/Projects/schonfeld-ms-primary-surplus/src/data/processed/regime_analysis/regime_probs_20180328.csv
2018-04-30,2018,4,3787,False,1,3.6730966342632522e-06,-2.6964007329764675e-05,0.976324601349174,0.9483011749956968,-32303.42787566344,-32265.99189909603,0.30578294164246106,/home/lfpazevedo/Documents/Projects/schonfeld-ms-primary-surplus/src/data/processed/regime_analysis/regime_probs_20180430.csv
2018-05-30,2018,5,3808,False,1,-7.96488840742883e-06,-1.5077600127665935e-05,0.9766692704192609,0.9484324296036046,-32507.539431111036,-32470.070274735568,0.30383403361344535,/home/lfpazevedo/Documents/Projects/schonfeld-ms-primary-surplus/src/data/processed/regime_analysis/regime_probs_20180530.csv
2018-06-29,2018,6,3829,False,1,5.070299520167254e-05,-1.1734040772521078e-05,0.9762508539938034,0.948909648632273,-32660.874660028796,-32623.37250631993,0.30765212849307916,/home/lfpazevedo/Documents/Projects/schonfeld-ms-primary-surplus/src/data/processed/regime_analysis/regime_probs_20180629.csv
2018-07-30,2018,7,3850,False,1,4.844955359150181e-05,-1.3073168694205857e-05,0.976400140258041,0.9481690253084246,-32869.14932622395,-32831.61435566026,0.3057142857142857,/home/lfpazevedo/Documents/Projects/schonfeld-ms-primary-surplus/src/data/processed/regime_analysis/regime_probs_20180730.csv
2018-08-31,2018,8,3874,False,1,4.845279993000814e-05,-8.12322814415903e-06,0.9764458108390325,0.9481693235857157,-33119.95860921169,-33082.386352147885,0.3045947341249355,/home/lfpazevedo/Documents/Projects/schonfeld-ms-primary-surplus/src/data/processed/regime_analysis/regime_probs_20180831.csv
2018-09-28,2018,9,3893,False,1,6.240807058638624e-05,-2.0632560419312507e-05,0.9764177525671045,0.9481294709054389,-33313.28161951371,-33275.68000742805,0.3051631132802466,/home/lfpazevedo/Documents/Projects/schonfeld-ms-primary-surplus/src/data/processed/regime_analysis/regime_probs_20180928.csv
2018-10-29,2018,10,3913,False,1,0.000135307286194152,-2.528980656923796e-05,0.97606371599592,0.948678947134362,-33458.66029329186,-33421.027935558595,0.30820342448249427,/home/lfpazevedo/Documents/Projects/schonfeld-ms-primary-surplus/src/data/processed/regime_analysis/regime_probs_20181029.csv
2018-11-30,2018,11,3935,False,1,0.00017827702005555456,-2.2610988342548565e-05,0.9760409758866533,0.9481637946765443,-33653.06591902384,-33615.39992205873,0.3087674714104193,/home/lfpazevedo/Documents/Projects/schonfeld-ms-primary-surplus/src/data/processed/regime_analysis/regime_probs_20181130.csv
2018-12-28,2018,12,3954,False,1,0.00019447327799056432,-3.511076548538041e-05,0.975881973825985,0.9480624873859065,-33851.166415752385,-33813.47151773,0.30981284774911483,/home/lfpazevedo/Documents/Projects/schonfeld-ms-primary-surplus/src/data/processed/regime_analysis/regime_probs_20181228.csv
2019-01-31,2019,1,3977,False,1,0.00016778857682717908,-1.1273811977732911e-05,0.9765497670378269,0.9483185841521369,-34065.04185627192,-34027.31215800068,0.3042494342469198,/home/lfpazevedo/Documents/Projects/schonfeld-ms-primary-surplus/src/data/processed/regime_analysis/regime_probs_20190131.csv
2019-02-28,2019,2,3997,False,1,0.00016394866816589706,-2.1978378176302104e-05,0.9765559094139512,0.9484088306094276,-34242.69245744964,-34204.93266129737,0.30297723292469353,/home/lfpazevedo/Documents/Projects/schonfeld-ms-primary-surplus/src/data/processed/regime_analysis/regime_probs_20190228.csv
2019-03-29,2019,3,4016,False,1,0.00012914523181688779,-6.182614995412182e-06,0.9769368628041412,0.9481359054346433,-34389.820987424224,-34352.03273745599,0.30104581673306774,/home/lfpazevedo/Documents/Projects/schonfeld-ms-primary-surplus/src/data/processed/regime_analysis/regime_probs_20190329.csv
2019-04-30,2019,4,4037,False,1,0.00012977215303048827,-7.847955763111268e-06,0.9772616510290119,0.9482358636697309,-34589.04562324316,-34551.22608051804,0.2984889769630914,/home/lfpazevedo/Documents/Projects/schonfeld-ms-primary-surplus/src/data/processed/regime_analysis/regime_probs_20190430.csv
2019-05-31,2019,5,4059,False,1,9.051367131023817e-05,-1.3332323926290622e-05,0.9768144615264063,0.9482744965916198,-34762.36918978859,-34724.51703828755,0.3010593742301059,/home/lfpazevedo/Documents/Projects/schonfeld-ms-primary-surplus/src/data/processed/regime_analysis/regime_probs_20190531.csv
2019-06-28,2019,6,4078,False,1,0.0001111178902313455,-1.1717895374055672e-05,0.9765399001117231,0.9467293830264495,-34926.988714023835,-34889.10854231703,0.29818538499264347,/home/lfpazevedo/Documents/Projects/schonfeld-ms-primary-surplus/src/data/processed/regime_analysis/regime_probs_20190628.csv
2019-07-29,2019,7,4099,False,1,0.00019007957315672215,-1.5936911721911487e-05,0.9759204436044232,0.9472254797177744,-35071.21640498997,-35033.30541506695,0.3042205415955111,/home/lfpazevedo/Documents/Projects/schonfeld-ms-primary-surplus/src/data/processed/regime_analysis/regime_probs_20190729.csv
2019-08-30,2019,8,4123,False,1,0.0001554867914246357,-2.6925703533501534e-05,0.9753704077436869,0.9462202220939069,-35262.45581781355,-35224.50979981731,0.3073005093378608,/home/lfpazevedo/Documents/Projects/schonfeld-ms-primary-surplus/src/data/processed/regime_analysis/regime_probs_20190830.csv
2019-09-30,2019,9,4144,False,1,0.00015536893591578174,-2.530081690361059e-05,0.9753911103562541,0.9461830132320331,-35477.59998245704,-35439.623481753406,0.3071911196911197,/home/lfpazevedo/Documents/Projects/schonfeld-ms-primary-surplus/src/data/processed/regime_analysis/regime_probs_20190930.csv
2019-10-31,2019,10,4167,False,1,0.00013667730818574508,-6.144759413315585e-06,0.9756710028056966,0.9462942229790176,-35707.50542608024,-35669.495716291705,0.3054955603551716,/home/lfpazevedo/Documents/Projects/schonfeld-ms-primary-surplus/src/data/processed/regime_analysis/regime_probs_20191031.csv
2019-11-29,2019,11,4187,False,1,0.00015358815151131014,-2.365944948849223e-05,0.9757978550877476,0.9463036531988135,-35902.213688400414,-35864.1752498043,0.3040363028421304,/home/lfpazevedo/Documents/Projects/schonfeld-ms-primary-surplus/src/data/processed/regime_analysis/regime_probs_20191129.csv
2019-12-30,2019,12,4207,False,1,0.00012122400191312465,-2.0323348052280568e-05,0.9756964515336353,0.9458487407015042,-36051.69230246509,-36013.625271963545,0.30330401711433325,/home/lfpazevedo/Documents/Projects/schonfeld-ms-primary-surplus/src/data/processed/regime_analysis/regime_probs_20191230.csv
2020-01-31,2020,1,4230,False,1,0.00018925570084461334,-2.985684620287761e-05,0.9752993965553161,0.946022360151234,-36226.069630196784,-36187.96988656454,0.3070921985815603,/home/lfpazevedo/Documents/Projects/schonfeld-ms-primary-surplus/src/data/processed/regime_analysis/regime_probs_20200131.csv
2020-02-28,2020,2,4248,False,1,0.00011288102899298971,-3.824503819080263e-05,0.9752649282728122,0.9463716683023419,-36342.79805912552,-36304.67283774799,0.3055555555555556,/home/lfpazevedo/Documents/Projects/schonfeld-ms-primary-surplus/src/data/processed/regime_analysis/regime_probs_20200228.csv
2020-03-31,2020,3,4270,False,1,7.309696400014819e-05,-3.6897308241454106e-05,0.9751439409201348,0.9465809923342711,-36501.11890063831,-36462.962686000974,0.31007025761124124,/home/lfpazevedo/Documents/Projects/schonfeld-ms-primary-surplus/src/data/processed/regime_analysis/regime_probs_20200331.csv
2020-04-30,2020,4,4290,False,1,4.6942039250292184e-05,-2.9298854071378158e-05,0.9752755618332691,0.9463835619555772,-36653.24143898638,-36615.05718691485,0.3037296037296037,/home/lfpazevedo/Documents/Projects/schonfeld-ms-primary-surplus/src/data/processed/regime_analysis/regime_probs_20200430.csv
2020-05-29,2020,5,4310,False,1,1.778943798687826e-05,-2.9756504741624576e-05,0.9750788708895524,0.9471886735492282,-36793.37925508911,-36755.167095990524,0.31020881670533645,/home/lfpazevedo/Documents/Projects/schonfeld-ms-primary-surplus/src/data/processed/regime_analysis/regime_probs_20200529.csv
2020-06-30,2020,6,4331,False,1,7.193875168632718e-05,-2.1680846993744536e-05,0.9751378371724773,0.9470776053940901,-36951.48492582471,-36913.24360337742,0.311937196952205,/home/lfpazevedo/Documents/Projects/schonfeld-ms-primary-surplus/src/data/processed/regime_analysis/regime_probs_20200630.csv
2020-07-31,2020,7,4354,False,1,-8.453744376744265e-06,-1.5776768480765134e-05,0.974750086342179,0.9477095462323302,-37124.518453179924,-37086.24535172916,0.31488286632981166,/home/lfpazevedo/Documents/Projects/schonfeld-ms-primary-surplus/src/data/processed/regime_analysis/regime_probs_20200731.csv
2020-08-31,2020,8,4375,False,0,-2.0533317380147943e-06,-3.919311265411989e-05,0.9748761426745023,0.9471922356584234,-37311.58785430685,-37273.285883514094,0.6864,/home/lfpazevedo/Documents/Projects/schonfeld-ms-primary-surplus/src/data/processed/regime_analysis/regime_probs_20200831.csv
2020-09-30,2020,9,4396,False,0,1.3882455649692206e-05,-8.501937942867019e-05,0.9749561119862109,0.9474741218999267,-37467.95852118195,-37429.627819288806,0.6874431301182894,/home/lfpazevedo/Documents/Projects/schonfeld-ms-primary-surplus/src/data/processed/regime_analysis/regime_probs_20200930.csv
2020-10-30,2020,10,4417,False,0,2.109772451308618e-05,-0.00011617701809685052,0.9747239805554426,0.9472162205280457,-37622.09374782942,-37583.73445175984,0.6859859633235228,/home/lfpazevedo/Documents/Projects/schonfeld-ms-primary-surplus/src/data/processed/regime_analysis/regime_probs_20201030.csv
2020-11-30,2020,11,4437,False,0,1.755801151862774e-05,-9.995846499671235e-05,0.9748168949170206,0.9467219483108191,-37799.139440461106,-37760.75303795283,0.6864998873112463,/home/lfpazevedo/Documents/Projects/schonfeld-ms-primary-surplus/src/data/processed/regime_analysis/regime_probs_20201130.csv
2020-12-30,2020,12,4458,False,0,1.3156433183402623e-05,-4.234681070065378e-05,0.9744058722326907,0.9472111750400584,-37965.69697344944,-37927.28224036577,0.6837146702557201,/home/lfpazevedo/Documents/Projects/schonfeld-ms-primary-surplus/src/data/processed/regime_analysis/regime_probs_20201230.csv
2021-01-29,2021,1,4479,False,1,9.355198652936781e-05,9.357936848125183e-06,0.9744349231101307,0.9481552339886214,-38099.10147069976,-38060.658540182514,0.3199374860459924,/home/lfpazevedo/Documents/Projects/schonfeld-ms-primary-surplus/src/data/processed/regime_analysis/regime_probs_20210129.csv
2021-02-26,2021,2,4497,False,1,0.00010762280045301112,1.1693270202500648e-05,0.9741326946444546,0.9479660654366849,-38219.20082613296,-38180.73383141233,0.3213253279964421,/home/lfpazevedo/Documents/Projects/schonfeld-ms-primary-surplus/src/data/processed/regime_analysis/regime_probs_20210226.csv
2021-03-31,2021,3,4520,False,1,3.2296989153736096e-05,2.5216772937392297e-05,0.9745369613881494,0.9476737326175885,-38388.78992979464,-38350.29232615769,0.3201327433628319,/home/lfpazevedo/Documents/Projects/schonfeld-ms-primary-surplus/src/data/processed/regime_analysis/regime_probs_20210331.csv
2021-04-30,2021,4,4540,False,1,0.0001524243891037339,2.3315167577462648e-05,0.9742054289419284,0.9483595304565832,-38514.09847199803,-38475.57437825182,0.32268722466960353,/home/lfpazevedo/Documents/Projects/schonfeld-ms-primary-surplus/src/data/processed/regime_analysis/regime_probs_20210430.csv
2021-05-31,2021,5,4561,False,1,3.750021427139775e-05,2.626430927522606e-05,0.9742762933626314,0.9492224973774458,-38646.20827728739,-38607.65649422712,0.3262442446831835,/home/lfpazevedo/Documents/Projects/schonfeld-ms-primary-surplus/src/data/processed/regime_analysis/regime_probs_20210531.csv
2021-06-30,2021,6,4582,False,0,3.2184908238450264e-05,1.0082480287905056e-05,0.9744801975157681,0.9488433579787676,-38815.496711036714,-38776.91736585864,0.6741597555652553,/home/lfpazevedo/Documents/Projects/schonfeld-ms-primary-surplus/src/data/processed/regime_analysis/regime_probs_20210630.csv
2021-07-30,2021,7,4604,False,0,3.6733154525940236e-05,-7.62775781451775e-05,0.9741538810690313,0.9495081534533782,-38961.79623836367,-38923.18815374462,0.6715899218071243,/home/lfpazevedo/Documents/Projects/schonfeld-ms-primary-surplus/src/data/processed/regime_analysis/regime_probs_20210730.csv
2021-08-31,2021,8,4626,False,0,3.5402325114720584e-05,-0.00015984347959588377,0.9739784860572058,0.9499274578342619,-39113.36361845578,-39074.72693139903,0.6666666666666666,/home/lfpazevedo/Documents/Projects/schonfeld-ms-primary-surplus/src/data/processed/regime_analysis/regime_probs_20210831.csv
2021-09-29,2021,9,4646,False,0,3.3538594630346925e-05,-0.00013736716487821205,0.973610601550446,0.9495923502512547,-39264.338248809916,-39225.675677329935,0.6653034868704262,/home/lfpazevedo/Documents/Projects/schonfeld-ms-primary-surplus/src/data/processed/regime_analysis/regime_probs_20210929.csv
2021-10-29,2021,10,4667,False,0,2.4283046717163613e-05,-0.00011069619286828415,0.9739918417716628,0.9491991682894086,-39421.255959899965,-39382.56632942427,0.6683094064709664,/home/lfpazevedo/Documents/Projects/schonfeld-ms-primary-surplus/src/data/processed/regime_analysis/regime_probs_20211029.csv
2021-11-30,2021,11,4687,False,0,1.5332007903595687e-05,-0.00012716816800634756,0.9736590423611386,0.9493815129041985,-39594.25976788328,-39555.54447989575,0.6669511414550885,/home/lfpazevedo/Documents/Projects/schonfeld-ms-primary-surplus/src/data/processed/regime_analysis/regime_probs_20211130.csv
2021-12-30,2021,12,4709,False,0,1.8837760040389877e-05,-0.00014814284955115916,0.9736563198615041,0.9499097419812809,-39751.70165249573,-39712.958267394264,0.6634104905500107,/home/lfpazevedo/Documents/Projects/schonfeld-ms-primary-surplus/src/data/processed/regime_analysis/regime_probs_20211230.csv
2022-01-31,2022,1,4731,False,0,2.543469451369906e-05,-0.00015944689273175835,0.9738427078165508,0.9494023452119411,-39973.695222044684,-39934.923870790895,0.6656098076516592,/home/lfpazevedo/Documents/Projects/schonfeld-ms-primary-surplus/src/data/processed/regime_analysis/regime_probs_20220131.csv
2022-02-25,2022,2,4750,False,0,3.340674852142554e-05,-0.00012527556710181787,0.9733609621994838,0.9492563266099442,-40106.80369524608,-40068.00829586391,0.6646315789473685,/home/lfpazevedo/Documents/Projects/schonfeld-ms-primary-surplus/src/data/processed/regime_analysis/regime_probs_20220225.csv
2022-05-02,2022,3,4792,False,0,4.391918112303663e-05,-5.1279440605280425e-05,0.9735316675865089,0.9493450076141957,-40458.859192057906,-40420.010973219134,0.6631886477462438,/home/lfpazevedo/Documents/Projects/schonfeld-ms-primary-surplus/src/data/processed/regime_analysis/regime_probs_20220502.csv
2022-05-16,2022,4,4802,False,0,6.295197540660348e-05,-7.562293931851448e-05,0.9739627602829898,0.9492157849450449,-40543.67680014763,-40504.816073486945,0.6676384839650146,/home/lfpazevedo/Documents/Projects/schonfeld-ms-primary-surplus/src/data/processed/regime_analysis/regime_probs_20220516.csv
2022-05-31,2022,5,4813,False,0,5.204599943122372e-05,-6.59159983754288e-05,0.9740340786658925,0.9492501219243681,-40645.890991993736,-40607.01653677792,0.6681903178890505,/home/lfpazevedo/Documents/Projects/schonfeld-ms-primary-surplus/src/data/processed/regime_analysis/regime_probs_20220531.csv
2022-07-29,2022,6,4855,False,0,6.525064976691143e-05,-7.835372188600333e-05,0.9734762873404017,0.9483714100377124,-40986.84577722731,-40947.91919094296,0.6669412976313079,/home/lfpazevedo/Documents/Projects/schonfeld-ms-primary-surplus/src/data/processed/regime_analysis/regime_probs_20220729.csv
2022-08-31,2022,8,4878,False,0,5.7739571233889005e-05,-7.676401831399729e-05,0.9738271533113572,0.9482409232184403,-41193.885169976784,-41154.930226504126,0.6701517015170152,/home/lfpazevedo/Documents/Projects/schonfeld-ms-primary-surplus/src/data/processed/regime_analysis/regime_probs_20220831.csv
2022-09-30,2022,9,4899,False,0,5.287237256177512e-05,4.179605597906348e-05,0.973435723055397,0.9489561988189733,-41326.89942184191,-41287.91870355208,0.6664625433761993,/home/lfpazevedo/Documents/Projects/schonfeld-ms-primary-surplus/src/data/processed/regime_analysis/regime_probs_20220930.csv
2022-10-31,2022,10,4919,False,1,5.847280019537948e-05,3.7739289953446363e-05,0.973413808713266,0.9483955026432264,-41520.20702957692,-41481.201866356154,0.33360439113640983,/home/lfpazevedo/Documents/Projects/schonfeld-ms-primary-surplus/src/data/processed/regime_analysis/regime_probs_20221031.csv
2022-11-30,2022,11,4939,False,0,5.624455107153711e-05,3.9074974387670016e-05,0.9737121591211266,0.9483377292851211,-41709.96727376751,-41670.937764804265,0.6697712087467098,/home/lfpazevedo/Documents/Projects/schonfeld-ms-primary-surplus/src/data/processed/regime_analysis/regime_probs_20221130.csv
2022-12-29,2022,12,4960,False,0,6.415526414974983e-05,-2.4373357683345027e-06,0.9736397192189096,0.9485084763046381,-41877.782156517715,-41838.727190399404,0.6699596774193548,/home/lfpazevedo/Documents/Projects/schonfeld-ms-primary-surplus/src/data/processed/regime_analysis/regime_probs_20221229.csv
2023-01-30,2023,1,4982,False,0,4.552831172958148e-05,-4.345624822814244e-06,0.9737962815811669,0.9479168654746064,-42050.26637637198,-42011.18485619705,0.6728221597751907,/home/lfpazevedo/Documents/Projects/schonfeld-ms-primary-surplus/src/data/processed/regime_analysis/regime_probs_20230130.csv
2023-02-28,2023,2,5001,False,0,4.4934581958231205e-05,-6.555527765340468e-05,0.9734711965513082,0.9482141224931029,-42181.3867529471,-42142.28239391859,0.6682663467306539,/home/lfpazevedo/Documents/Projects/schonfeld-ms-primary-surplus/src/data/processed/regime_analysis/regime_probs_20230228.csv
2023-03-31,2023,3,5024,False,0,7.830531947082358e-05,-0.00010495608880811272,0.9741722260892587,0.9474941216310249,-42384.00168104135,-42344.869790792465,0.6765525477707006,/home/lfpazevedo/Documents/Projects/schonfeld-ms-primary-surplus/src/data/processed/regime_analysis/regime_probs_20230331.csv
2023-04-28,2023,4,5042,False,0,6.847849911642204e-05,-9.502589950789133e-05,0.9743672980835751,0.9475257140811488,-42554.23184332989,-42515.0784946834,0.6785005950019833,/home/lfpazevedo/Documents/Projects/schonfeld-ms-primary-surplus/src/data/processed/regime_analysis/regime_probs_20230428.csv
2023-05-31,2023,5,5064,False,0,4.733834775820842e-05,-7.206867386295425e-05,0.9745524102650641,0.9476134120052864,-42763.77909268685,-42724.5996209039,0.6800947867298578,/home/lfpazevedo/Documents/Projects/schonfeld-ms-primary-surplus/src/data/processed/regime_analysis/regime_probs_20230531.csv
2023-06-30,2023,6,5085,False,0,5.784803654182501e-05,-8.216175359121246e-05,0.9746451178468089,0.9476901514067853,-42974.60481853328,-42935.40051668238,0.67984267453294,/home/lfpazevedo/Documents/Projects/schonfeld-ms-primary-surplus/src/data/processed/regime_analysis/regime_probs_20230630.csv
2023-07-28,2023,7,5105,False,0,4.541867440362548e-05,-6.817247663778181e-05,0.9747696811123877,0.9477833041511908,-43169.23658783768,-43130.00873345409,0.6812928501469148,/home/lfpazevedo/Documents/Projects/schonfeld-ms-primary-surplus/src/data/processed/regime_analysis/regime_probs_20230728.csv
2023-08-31,2023,8,5129,False,0,4.491455084028941e-05,-6.523045017801127e-05,0.9747993074014021,0.9479319350687543,-43413.59405161631,-43374.33805569197,0.6802495613179957,/home/lfpazevedo/Documents/Projects/schonfeld-ms-primary-surplus/src/data/processed/regime_analysis/regime_probs_20230831.csv
2023-09-29,2023,9,5149,False,0,7.078563791646758e-05,-9.677049898033442e-05,0.9752107618939658,0.947760452640632,-43592.97080310723,-43553.69145630695,0.6849873761895514,/home/lfpazevedo/Documents/Projects/schonfeld-ms-primary-surplus/src/data/processed/regime_analysis/regime_probs_20230929.csv
2023-11-08,2023,10,5175,False,0,0.00010935538270696719,-0.00014662586872985053,0.9758203523148434,0.9473517643074076,-43814.59717244826,-43775.28760473946,0.6921739130434783,/home/lfpazevedo/Documents/Projects/schonfeld-ms-primary-surplus/src/data/processed/regime_analysis/regime_probs_20231108.csv
2023-12-06,2023,11,5194,False,0,0.00011597650739278396,-0.0002129719791589218,0.9755637229917533,0.947837913469961,-43945.09857154818,-43905.76701519484,0.689449364651521,/home/lfpazevedo/Documents/Projects/schonfeld-ms-primary-surplus/src/data/processed/regime_analysis/regime_probs_20231206.csv
2024-01-05,2023,12,5214,False,0,0.00010273421810531213,-0.000248699073024202,0.9756785286808923,0.9474486313839294,-44101.75930372501,-44062.40468815805,0.6914077483697737,/home/lfpazevedo/Documents/Projects/schonfeld-ms-primary-surplus/src/data/processed/regime_analysis/regime_probs_20240105.csv
2024-02-07,2024,1,5237,False,0,8.319435296556134e-05,-0.00022650354492932746,0.975798089180501,0.9475527633211068,-44321.92690828208,-44282.545883716404,0.6906625930876455,/home/lfpazevedo/Documents/Projects/schonfeld-ms-primary-surplus/src/data/processed/regime_analysis/regime_probs_20240207.csv
2024-03-07,2024,2,5256,False,0,7.649201709189803e-05,-0.00024857808926405134,0.9755075557382483,0.9473018309125978,-44463.99196775044,-44424.58921438945,0.689117199391172,/home/lfpazevedo/Documents/Projects/schonfeld-ms-primary-surplus/src/data/processed/regime_analysis/regime_probs_20240307.csv
2024-04-05,2024,3,5276,False,0,8.448079294531072e-05,-0.00022980279578604568,0.9752503497696875,0.9470064748990247,-44623.98385270429,-44584.558311621266,0.6895375284306292,/home/lfpazevedo/Documents/Projects/schonfeld-ms-primary-surplus/src/data/processed/regime_analysis/regime_probs_20240405.csv
2024-05-06,2024,4,5296,False,0,5.706105065361696e-05,-0.00021008614881682012,0.9756842026262685,0.94657524562091,-44778.66190772533,-44739.21366513963,0.6950528700906344,/home/lfpazevedo/Documents/Projects/schonfeld-ms-primary-surplus/src/data/processed/regime_analysis/regime_probs_20240506.csv
2024-05-29,2024,5,5313,False,0,8.082853798961635e-05,-0.0002409455627475536,0.9759579285810636,0.9464437951553983,-44933.55702449397,-44894.08955293527,0.6986636551853943,/home/lfpazevedo/Documents/Projects/schonfeld-ms-primary-surplus/src/data/processed/regime_analysis/regime_probs_20240529.csv
2024-06-28,2024,6,5334,False,0,5.534489362162434e-05,-0.00021374118231065202,0.976194870558541,0.9464051307009812,-45122.30861803494,-45082.81747780649,0.7009748781402325,/home/lfpazevedo/Documents/Projects/schonfeld-ms-primary-surplus/src/data/processed/regime_analysis/regime_probs_20240628.csv
2024-07-29,2024,7,5355,False,0,4.7720329166577707e-05,-0.0002011295718539667,0.9761892762967771,0.9466135131633748,-45337.9755200542,-45298.46080415691,0.6987861811391223,/home/lfpazevedo/Documents/Projects/schonfeld-ms-primary-surplus/src/data/processed/regime_analysis/regime_probs_20240729.csv
2024-08-30,2024,8,5379,False,0,6.138418880054563e-05,-0.00021784202686576243,0.9763808498277495,0.9466167898466998,-45568.31369827381,-45528.77215170017,0.701617401003904,/home/lfpazevedo/Documents/Projects/schonfeld-ms-primary-surplus/src/data/processed/regime_analysis/regime_probs_20240830.csv
2024-09-30,2024,9,5400,False,0,6.601195848233705e-05,-0.0002271004602800218,0.9766850013550303,0.9464573599896524,-45752.96335249633,-45713.39842710101,0.7048148148148148,/home/lfpazevedo/Documents/Projects/schonfeld-ms-primary-surplus/src/data/processed/regime_analysis/regime_probs_20240930.csv
2024-11-11,2024,10,5430,False,0,8.340832773566255e-05,-0.00024671435187639893,0.9768715914457725,0.9465098191109681,-46047.51357500086,-46007.915408523295,0.7069981583793739,/home/lfpazevedo/Documents/Projects/schonfeld-ms-primary-surplus/src/data/processed/regime_analysis/regime_probs_20241111.csv
2024-11-29,2024,11,5442,False,0,8.46865465189582e-05,-0.0002463363172648676,0.9768825736106536,0.9466044369373884,-46170.73427872511,-46131.12286720905,0.7059904446894524,/home/lfpazevedo/Documents/Projects/schonfeld-ms-primary-surplus/src/data/processed/regime_analysis/regime_probs_20241129.csv
2024-12-30,2024,12,5462,False,0,8.565968052020052e-05,-0.0002444534009885436,0.9769026237317237,0.9467569905499967,-46375.753807383255,-46336.120385571056,0.7061515928231417,/home/lfpazevedo/Documents/Projects/schonfeld-ms-primary-surplus/src/data/processed/regime_analysis/regime_probs_20241230.csv
2025-01-31,2025,1,5485,False,0,9.798857337149399e-05,-0.00025209778444929313,0.976924543902673,0.9464190451563324,-46580.27008854237,-46540.61145430611,0.7077484047402005,/home/lfpazevedo/Documents/Projects/schonfeld-ms-primary-surplus/src/data/processed/regime_analysis/regime_probs_20250131.csv
2025-03-14,2025,2,5513,False,0,9.43393057020202e-05,-0.00025191998566163686,0.977213017000515,0.9463220450927774,-46836.782849454634,-46797.093664143096,0.7110466170868855,/home/lfpazevedo/Documents/Projects/schonfeld-ms-primary-surplus/src/data/processed/regime_analysis/regime_probs_20250314.csv
2025-04-08,2025,3,5530,False,0,0.00011139424334057128,-0.0002738202269108226,0.9773888603541537,0.9462992581339289,-46998.27698419521,-46958.569325628116,0.7126582278481013,/home/lfpazevedo/Documents/Projects/schonfeld-ms-primary-surplus/src/data/processed/regime_analysis/regime_probs_20250408.csv
2025-04-30,2025,4,5544,False,0,0.00010374258401597809,-0.0002659520405600686,0.9775098732357974,0.9462934881178527,-47127.27100972932,-47087.5481804841,0.7135642135642135,/home/lfpazevedo/Documents/Projects/schonfeld-ms-primary-surplus/src/data/processed/regime_analysis/regime_probs_20250430.csv
2025-05-30,2025,5,5565,False,0,9.894380955658963e-05,-0.0002641257157744015,0.9777817186309863,0.9462094027926035,-47313.157727799684,-47273.412214217424,0.7160826594788859,/home/lfpazevedo/Documents/Projects/schonfeld-ms-primary-surplus/src/data/processed/regime_analysis/regime_probs_20250530.csv
2025-06-30,2025,6,5585,False,0,0.00010381286698945468,-0.00026931145423950685,0.9778878442720771,0.9462661080773783,-47508.63631547503,-47468.86927720601,0.7170993733213966,/home/lfpazevedo/Documents/Projects/schonfeld-ms-primary-surplus/src/data/processed/regime_analysis/regime_probs_20250630.csv
2025-07-31,2025,7,5608,False,0,0.00011302247156396826,-0.00027573690895719055,0.9779945086568205,0.946228717981743,-47709.7629723806,-47669.97127580832,0.7196861626248217,/home/lfpazevedo/Documents/Projects/schonfeld-ms-primary-surplus/src/data/processed/regime_analysis/regime_probs_20250731.csv
2025-08-29,2025,8,5629,False,0,0.00012109794247056528,-0.0002920308465914932,0.9782622998572024,0.9461074044029619,-47912.74968125801,-47872.93555874522,0.7210872268608989,/home/lfpazevedo/Documents/Projects/schonfeld-ms-primary-surplus/src/data/processed/regime_analysis/regime_probs_20250829.csv
2025-09-30,2025,9,5651,False,0,0.0001060115131359204,-0.0002709933415514686,0.9783004717568728,0.9462287727587916,-48131.497568103936,-48091.66004130615,0.7211113077331446,/home/lfpazevedo/Documents/Projects/schonfeld-ms-primary-surplus/src/data/processed/regime_analysis/regime_probs_20250930.csv
2025-10-31,2025,10,5674,False,0,0.00010071805919265174,-0.00026189495879801156,0.9783531263042758,0.9463467029995969,-48361.23476070918,-48321.372863016964,0.7213605921748326,/home/lfpazevedo/Documents/Projects/schonfeld-ms-primary-surplus/src/data/processed/regime_analysis/regime_probs_20251031.csv
2025-11-28,2025,11,5693,False,0,0.00011219414012082064,-0.00027607051531455503,0.9784797971342108,0.9463677348485294,-48544.39967878233,-48504.51772300862,0.7222905322325663,/home/lfpazevedo/Documents/Projects/schonfeld-ms-primary-surplus/src/data/processed/regime_analysis/regime_probs_20251128.csv
2025-12-30,2025,12,5714,False,0,0.00012918131711100108,-0.00030262149965164746,0.9787968529780877,0.9462149711488704,-48725.042484282094,-48685.138436785346,0.7254112705635282,/home/lfpazevedo/Documents/Projects/schonfeld-ms-primary-surplus/src/data/processed/regime_analysis/regime_probs_20251230.csv
2026-01-30,2026,1,5736,False,0,0.00013470528112529675,-0.0003191691939254519,0.9785457611568612,0.9456810064113139,-48922.037624647375,-48882.1105203537,0.725418410041841,/home/lfpazevedo/Documents/Projects/schonfeld-ms-primary-surplus/src/data/processed/regime_analysis/regime_probs_20260130.csv
2026-02-27,2026,2,5754,False,0,0.00013666768625833893,-0.00037836076186078025,0.9782748406195899,0.9463276281945677,-49035.0539832535,-48995.10807998883,0.7228015293708724,/home/lfpazevedo/Documents/Projects/schonfeld-ms-primary-surplus/src/data/processed/regime_analysis/regime_probs_20260227.csv
